Year,Timestep,EcoregionName,EcoregionIndex,ppt,min_airtemp,max_airtemp,std_ppt,std_temp,winddirection,windspeed,ndeposition,
1895, 1, MN100, 0, 2.45, -14.86, -2.49, 0.13, 0.72, 0, 0, -99, 
1895, 2, MN100, 0, 2.54, -12.74, 3.11, 0.22, 0.69, 0, 0, -99, 
1895, 3, MN100, 0, 1.4, -5.56, 10, 0.16, 0.67, 0, 0, -99, 
1895, 4, MN100, 0, 4.37, 8.47, 24.95, 0.61, 0.53, 0, 0, -99, 
1895, 5, MN100, 0, 11.65, 12.67, 28.72, 0.74, 0.33, 0, 0, -99, 
1895, 6, MN100, 0, 14.23, 17.71, 32.78, 1.63, 0.29, 0, 0, -99, 
1895, 7, MN100, 0, 12.32, 19.16, 33.95, 1.46, 0.38, 0, 0, -99, 
1895, 8, MN100, 0, 7.35, 18.51, 33.22, 0.67, 0.52, 0, 0, -99, 
1895, 9, MN100, 0, 12.53, 15.66, 29.12, 1.84, 0.48, 0, 0, -99, 
1895, 10, MN100, 0, 1.79, 6.02, 19.96, 0.27, 0.39, 0, 0, -99, 
1895, 11, MN100, 0, 4.21, -0.82, 10.77, 0.31, 0.42, 0, 0, -99, 
1895, 12, MN100, 0, 2.09, -6.65, 5.48, 0.15, 0.55, 0, 0, -99, 
1896, 1, MN100, 0, 3.47, -9.92, 0.88, 0.25, 1.08, 0, 0, -99, 
1896, 2, MN100, 0, 1.83, -9.31, 5.12, 0.25, 0.61, 0, 0, -99, 
1896, 3, MN100, 0, 4.84, -5.62, 8.11, 0.41, 0.71, 0, 0, -99, 
1896, 4, MN100, 0, 12.35, 7.29, 19.83, 1.2, 0.33, 0, 0, -99, 
1896, 5, MN100, 0, 15.53, 15.01, 29.12, 0.95, 0.36, 0, 0, -99, 
1896, 6, MN100, 0, 7.48, 17.95, 33.75, 0.56, 0.55, 0, 0, -99, 
1896, 7, MN100, 0, 8.71, 20.19, 36.69, 0.71, 0.39, 0, 0, -99, 
1896, 8, MN100, 0, 9.5, 18.59, 35.35, 1.02, 0.42, 0, 0, -99, 
1896, 9, MN100, 0, 5.86, 13.32, 27.98, 0.43, 0.37, 0, 0, -99, 
1896, 10, MN100, 0, 10.13, 7.03, 19.66, 1.19, 0.51, 0, 0, -99, 
1896, 11, MN100, 0, 6.98, -4.2, 5.36, 0.7, 0.54, 0, 0, -99, 
1896, 12, MN100, 0, 3.46, -4.98, 6.52, 0.36, 0.48, 0, 0, -99, 
1897, 1, MN100, 0, 6.11, -14.35, 0.35, 0.52, 0.79, 0, 0, -99, 
1897, 2, MN100, 0, 6.12, -9.18, 5.29, 0.61, 0.76, 0, 0, -99, 
1897, 3, MN100, 0, 4.24, -5.75, 8.18, 0.6, 0.71, 0, 0, -99, 
1897, 4, MN100, 0, 2.57, 6.19, 20.49, 0.37, 0.49, 0, 0, -99, 
1897, 5, MN100, 0, 5.03, 11.46, 27.35, 0.62, 0.75, 0, 0, -99, 
1897, 6, MN100, 0, 10.65, 16.22, 30.89, 1.13, 0.58, 0, 0, -99, 
1897, 7, MN100, 0, 22.33, 22.15, 36.24, 1.44, 0.4, 0, 0, -99, 
1897, 8, MN100, 0, 9.41, 18.15, 32.48, 0.75, 0.67, 0, 0, -99, 
1897, 9, MN100, 0, 5.47, 17.88, 33.46, 1.29, 0.92, 0, 0, -99, 
1897, 10, MN100, 0, 5.31, 10.64, 22.01, 0.54, 0.51, 0, 0, -99, 
1897, 11, MN100, 0, 2.03, -2.21, 9.24, 0.21, 0.5, 0, 0, -99, 
1897, 12, MN100, 0, 2.5, -11.87, 1.36, 0.14, 0.75, 0, 0, -99, 
1898, 1, MN100, 0, 2.12, -9.76, 5.38, 0.38, 0.89, 0, 0, -99, 
1898, 2, MN100, 0, 2.52, -10.25, 6.4, 0.19, 0.89, 0, 0, -99, 
1898, 3, MN100, 0, 2.74, -1.72, 12.33, 0.34, 0.92, 0, 0, -99, 
1898, 4, MN100, 0, 2.62, 4.59, 19.71, 0.25, 0.97, 0, 0, -99, 
1898, 5, MN100, 0, 8.11, 11.66, 26.72, 0.53, 0.75, 0, 0, -99, 
1898, 6, MN100, 0, 15.65, 17.91, 33.54, 1.03, 0.35, 0, 0, -99, 
1898, 7, MN100, 0, 11.3, 20.07, 36.04, 1.85, 0.47, 0, 0, -99, 
1898, 8, MN100, 0, 8.74, 19.37, 33.6, 0.44, 0.31, 0, 0, -99, 
1898, 9, MN100, 0, 6.95, 15.36, 30.05, 0.79, 0.75, 0, 0, -99, 
1898, 10, MN100, 0, 8.52, 8.49, 18.68, 0.71, 0.56, 0, 0, -99, 
1898, 11, MN100, 0, 3.57, -1.27, 10.2, 0.21, 0.44, 0, 0, -99, 
1898, 12, MN100, 0, 1.9, -11.08, 2.98, 0.08, 0.4, 0, 0, -99, 
1899, 1, MN100, 0, 2.26, -14.6, -0.83, 0.24, 0.89, 0, 0, -99, 
1899, 2, MN100, 0, 2.35, -15.41, -0.58, 0.24, 0.58, 0, 0, -99, 
1899, 3, MN100, 0, 2.79, -11.35, 4.77, 0.17, 0.89, 0, 0, -99, 
1899, 4, MN100, 0, 5.29, 6.19, 21.24, 0.31, 0.47, 0, 0, -99, 
1899, 5, MN100, 0, 13.11, 11.85, 26.04, 0.69, 0.61, 0, 0, -99, 
1899, 6, MN100, 0, 15.7, 18.07, 32.75, 0.59, 0.42, 0, 0, -99, 
1899, 7, MN100, 0, 11.39, 20.57, 35.92, 1.02, 0.41, 0, 0, -99, 
1899, 8, MN100, 0, 15.5, 20.68, 33.95, 1.67, 0.32, 0, 0, -99, 
1899, 9, MN100, 0, 8.87, 13.31, 27.67, 0.46, 0.49, 0, 0, -99, 
1899, 10, MN100, 0, 9.27, 10.46, 22.27, 0.66, 0.35, 0, 0, -99, 
1899, 11, MN100, 0, 2.44, 6.19, 16.97, 0.31, 0.87, 0, 0, -99, 
1899, 12, MN100, 0, 3.35, -6.63, 5.81, 0.42, 0.52, 0, 0, -99, 
1900, 1, MN100, 0, 2.57, -7.83, 6.1, 0.12, 0.71, 0, 0, -99, 
1900, 2, MN100, 0, 1.64, -16.26, 0.43, 0.13, 0.73, 0, 0, -99, 
1900, 3, MN100, 0, 1.78, -5.5, 9.73, 0.2, 0.56, 0, 0, -99, 
1900, 4, MN100, 0, 2.26, 8.53, 26.27, 0.1, 0.54, 0, 0, -99, 
1900, 5, MN100, 0, 3.66, 12.8, 31.01, 0.29, 0.71, 0, 0, -99, 
1900, 6, MN100, 0, 3.46, 17.84, 34.91, 0.54, 0.36, 0, 0, -99, 
1900, 7, MN100, 0, 10.48, 18.8, 34.97, 1.07, 0.37, 0, 0, -99, 
1900, 8, MN100, 0, 21.05, 23.44, 37.15, 1.31, 0.35, 0, 0, -99, 
1900, 9, MN100, 0, 17.03, 16.24, 28.99, 2.37, 0.43, 0, 0, -99, 
1900, 10, MN100, 0, 8.14, 14.05, 26.81, 0.59, 0.4, 0, 0, -99, 
1900, 11, MN100, 0, 2.25, -0.81, 9.59, 0.15, 0.58, 0, 0, -99, 
1900, 12, MN100, 0, 2.16, -6.3, 4.7, 0.22, 0.44, 0, 0, -99, 
1901, 1, MN100, 0, 1.64, -12.4, 2.8, 0.11, 0.7, 0, 0, -99, 
1901, 2, MN100, 0, 1.87, -13.83, 2.48, 0.13, 0.98, 0, 0, -99, 
1901, 3, MN100, 0, 7.3, -3.6, 10.79, 0.38, 0.57, 0, 0, -99, 
1901, 4, MN100, 0, 4.37, 7.42, 22.41, 0.29, 0.31, 0, 0, -99, 
1901, 5, MN100, 0, 4.2, 13.25, 30.71, 0.25, 0.64, 0, 0, -99, 
1901, 6, MN100, 0, 20.89, 18.03, 32.59, 0.74, 0.26, 0, 0, -99, 
1901, 7, MN100, 0, 11.02, 22.54, 36.78, 0.68, 0.28, 0, 0, -99, 
1901, 8, MN100, 0, 5.92, 20.16, 35.56, 0.32, 0.53, 0, 0, -99, 
1901, 9, MN100, 0, 5.72, 14.1, 29.3, 0.63, 0.46, 0, 0, -99, 
1901, 10, MN100, 0, 7.59, 8.77, 24.06, 1.54, 0.39, 0, 0, -99, 
1901, 11, MN100, 0, 3.95, -0.56, 10.67, 0.59, 0.53, 0, 0, -99, 
1901, 12, MN100, 0, 2.49, -9.23, 2.06, 0.12, 0.36, 0, 0, -99, 
1902, 1, MN100, 0, 2.01, -10.31, 4.63, 0.15, 0.73, 0, 0, -99, 
1902, 2, MN100, 0, 1.92, -9.21, 5.97, 0.18, 0.72, 0, 0, -99, 
1902, 3, MN100, 0, 2.84, 1.08, 16, 0.16, 0.46, 0, 0, -99, 
1902, 4, MN100, 0, 3.86, 5.25, 20.46, 0.29, 0.46, 0, 0, -99, 
1902, 5, MN100, 0, 13.51, 13.92, 28.68, 0.56, 0.49, 0, 0, -99, 
1902, 6, MN100, 0, 8.11, 16.03, 31.74, 0.78, 0.52, 0, 0, -99, 
1902, 7, MN100, 0, 10.54, 20.59, 36.38, 0.7, 0.48, 0, 0, -99, 
1902, 8, MN100, 0, 11.93, 17.94, 33.21, 1.4, 0.53, 0, 0, -99, 
1902, 9, MN100, 0, 5.96, 13.05, 27.59, 0.68, 0.59, 0, 0, -99, 
1902, 10, MN100, 0, 6.23, 8.39, 22.03, 0.3, 0.43, 0, 0, -99, 
1902, 11, MN100, 0, 5.89, 3.62, 12.57, 0.55, 0.42, 0, 0, -99, 
1902, 12, MN100, 0, 4.81, -9.82, 3.52, 0.48, 0.5, 0, 0, -99, 
1903, 1, MN100, 0, 2.86, -13.08, 2.52, 0.16, 0.69, 0, 0, -99, 
1903, 2, MN100, 0, 2.62, -13, 4.56, 0.44, 0.57, 0, 0, -99, 
1903, 3, MN100, 0, 3.42, -1.08, 12.45, 0.59, 0.6, 0, 0, -99, 
1903, 4, MN100, 0, 6.96, 6.37, 20.59, 1.28, 0.39, 0, 0, -99, 
1903, 5, MN100, 0, 9.93, 13.42, 28.33, 0.43, 0.6, 0, 0, -99, 
1903, 6, MN100, 0, 4.7, 15.94, 33.4, 0.21, 0.37, 0, 0, -99, 
1903, 7, MN100, 0, 10.05, 19.96, 34.44, 1.42, 0.64, 0, 0, -99, 
1903, 8, MN100, 0, 11.61, 17.49, 31.59, 1.02, 0.85, 0, 0, -99, 
1903, 9, MN100, 0, 15.09, 13.31, 27.79, 0.9, 0.56, 0, 0, -99, 
1903, 10, MN100, 0, 10.67, 9.3, 24.51, 0.59, 0.58, 0, 0, -99, 
1903, 11, MN100, 0, 3.76, -2.69, 8.53, 0.47, 0.85, 0, 0, -99, 
1903, 12, MN100, 0, 4.07, -13.86, 0.17, 0.64, 0.44, 0, 0, -99, 
1904, 1, MN100, 0, 1.67, -16.62, -1.83, 0.11, 0.93, 0, 0, -99, 
1904, 2, MN100, 0, 3.43, -17.93, -1.62, 0.26, 0.85, 0, 0, -99, 
1904, 3, MN100, 0, 6.38, -5.19, 9.03, 0.65, 0.67, 0, 0, -99, 
1904, 4, MN100, 0, 2.74, 3.88, 16.86, 0.3, 0.51, 0, 0, -99, 
1904, 5, MN100, 0, 4.38, 11.51, 27.4, 0.27, 0.49, 0, 0, -99, 
1904, 6, MN100, 0, 8.95, 17.46, 31.95, 0.77, 0.36, 0, 0, -99, 
1904, 7, MN100, 0, 10.69, 18.2, 33.27, 0.37, 0.48, 0, 0, -99, 
1904, 8, MN100, 0, 6.57, 17.73, 33.06, 0.53, 0.58, 0, 0, -99, 
1904, 9, MN100, 0, 10.11, 13.83, 26.88, 0.83, 0.6, 0, 0, -99, 
1904, 10, MN100, 0, 8.14, 10.02, 20.73, 1.26, 0.57, 0, 0, -99, 
1904, 11, MN100, 0, 1.76, 3.33, 15.85, 0.2, 0.69, 0, 0, -99, 
1904, 12, MN100, 0, 4.33, -9.62, 3.45, 0.56, 0.48, 0, 0, -99, 
1905, 1, MN100, 0, 2.19, -14.82, 0.16, 0.16, 0.67, 0, 0, -99, 
1905, 2, MN100, 0, 1.52, -13.09, 3.03, 0.09, 0.59, 0, 0, -99, 
1905, 3, MN100, 0, 3.74, -0.04, 12.96, 0.34, 0.89, 0, 0, -99, 
1905, 4, MN100, 0, 8.1, 5.24, 19.22, 0.51, 0.72, 0, 0, -99, 
1905, 5, MN100, 0, 9.49, 10.69, 25.99, 0.88, 0.8, 0, 0, -99, 
1905, 6, MN100, 0, 19.48, 17.13, 31.08, 1.34, 0.47, 0, 0, -99, 
1905, 7, MN100, 0, 15.41, 20.64, 34.11, 2.1, 0.52, 0, 0, -99, 
1905, 8, MN100, 0, 9.65, 20.37, 34.44, 0.35, 0.64, 0, 0, -99, 
1905, 9, MN100, 0, 13.45, 16.84, 29.78, 1.72, 0.61, 0, 0, -99, 
1905, 10, MN100, 0, 6.8, 8.45, 19.3, 0.36, 0.48, 0, 0, -99, 
1905, 11, MN100, 0, 6, 1.71, 12.7, 0.91, 0.45, 0, 0, -99, 
1905, 12, MN100, 0, 1.39, -5.78, 7.03, 0.07, 0.48, 0, 0, -99, 
1906, 1, MN100, 0, 3.21, -7.79, 6.02, 0.54, 0.45, 0, 0, -99, 
1906, 2, MN100, 0, 1.2, -12.49, 4.27, 0.08, 0.5, 0, 0, -99, 
1906, 3, MN100, 0, 2.89, -6.6, 8.4, 0.18, 0.77, 0, 0, -99, 
1906, 4, MN100, 0, 3.98, 8.46, 23.62, 0.43, 0.55, 0, 0, -99, 
1906, 5, MN100, 0, 11.88, 11.86, 25.96, 0.79, 0.69, 0, 0, -99, 
1906, 6, MN100, 0, 12.75, 19.12, 32.11, 1.7, 0.53, 0, 0, -99, 
1906, 7, MN100, 0, 5.84, 20.97, 35.61, 0.75, 0.39, 0, 0, -99, 
1906, 8, MN100, 0, 9.55, 20.2, 34.04, 0.58, 0.47, 0, 0, -99, 
1906, 9, MN100, 0, 10.03, 17.42, 31.02, 1.3, 0.57, 0, 0, -99, 
1906, 10, MN100, 0, 5.42, 9.39, 20.85, 0.63, 0.4, 0, 0, -99, 
1906, 11, MN100, 0, 6.78, 2.89, 11.8, 0.39, 0.55, 0, 0, -99, 
1906, 12, MN100, 0, 3.8, -8.46, 3.31, 0.15, 0.63, 0, 0, -99, 
1907, 1, MN100, 0, 4.73, -15.94, -1.45, 0.59, 0.77, 0, 0, -99, 
1907, 2, MN100, 0, 2.07, -10.69, 5.39, 0.29, 0.6, 0, 0, -99, 
1907, 3, MN100, 0, 3.52, -2.67, 11.35, 0.2, 0.58, 0, 0, -99, 
1907, 4, MN100, 0, 3.98, 2.33, 14.87, 0.15, 0.57, 0, 0, -99, 
1907, 5, MN100, 0, 6.17, 7.15, 21.47, 0.51, 0.56, 0, 0, -99, 
1907, 6, MN100, 0, 7.03, 17.86, 33.22, 1.15, 0.49, 0, 0, -99, 
1907, 7, MN100, 0, 7.67, 19.91, 35.14, 0.8, 0.47, 0, 0, -99, 
1907, 8, MN100, 0, 9.69, 19.38, 33.2, 1.22, 0.62, 0, 0, -99, 
1907, 9, MN100, 0, 11.6, 15.03, 26.89, 2.73, 0.4, 0, 0, -99, 
1907, 10, MN100, 0, 4.02, 7.74, 21.64, 0.48, 0.52, 0, 0, -99, 
1907, 11, MN100, 0, 2.16, 2.42, 12.55, 0.14, 0.54, 0, 0, -99, 
1907, 12, MN100, 0, 2.26, -5.45, 7.5, 0.04, 0.93, 0, 0, -99, 
1908, 1, MN100, 0, 1.63, -8.95, 5.29, 0.11, 0.77, 0, 0, -99, 
1908, 2, MN100, 0, 3.95, -6.55, 5.9, 0.13, 0.74, 0, 0, -99, 
1908, 3, MN100, 0, 4.62, -3.35, 11.4, 0.2, 0.7, 0, 0, -99, 
1908, 4, MN100, 0, 5.76, 7.02, 22.3, 0.69, 0.5, 0, 0, -99, 
1908, 5, MN100, 0, 13.03, 12.29, 26.9, 0.88, 0.5, 0, 0, -99, 
1908, 6, MN100, 0, 13.31, 18.51, 31.35, 1.29, 0.53, 0, 0, -99, 
1908, 7, MN100, 0, 11.21, 20.72, 35.54, 1.06, 0.5, 0, 0, -99, 
1908, 8, MN100, 0, 5.31, 18.62, 32.72, 0.65, 0.47, 0, 0, -99, 
1908, 9, MN100, 0, 7.11, 17.16, 32.12, 1.39, 0.59, 0, 0, -99, 
1908, 10, MN100, 0, 4.23, 10.86, 22.29, 0.35, 0.55, 0, 0, -99, 
1908, 11, MN100, 0, 3.11, 2.88, 13.69, 0.33, 0.55, 0, 0, -99, 
1908, 12, MN100, 0, 2.71, -6.97, 4.35, 0.41, 0.88, 0, 0, -99, 
1909, 1, MN100, 0, 4.09, -12.69, 1.35, 0.28, 1.02, 0, 0, -99, 
1909, 2, MN100, 0, 3.39, -10.36, 4.17, 0.49, 0.97, 0, 0, -99, 
1909, 3, MN100, 0, 2.83, -2.07, 10.83, 0.26, 0.61, 0, 0, -99, 
1909, 4, MN100, 0, 4.89, 3.28, 15.36, 0.66, 0.67, 0, 0, -99, 
1909, 5, MN100, 0, 5.87, 11.08, 25.83, 0.48, 0.54, 0, 0, -99, 
1909, 6, MN100, 0, 4.28, 18.76, 34.28, 0.55, 0.43, 0, 0, -99, 
1909, 7, MN100, 0, 14.61, 21.31, 35.7, 2, 0.34, 0, 0, -99, 
1909, 8, MN100, 0, 16.82, 22.14, 34.69, 1.41, 0.44, 0, 0, -99, 
1909, 9, MN100, 0, 9.65, 15.01, 28.99, 0.78, 0.44, 0, 0, -99, 
1909, 10, MN100, 0, 6, 9.54, 20.12, 0.98, 0.38, 0, 0, -99, 
1909, 11, MN100, 0, 5.32, 4.15, 13.69, 0.92, 0.55, 0, 0, -99, 
1909, 12, MN100, 0, 4.47, -7.64, 1.41, 0.48, 0.65, 0, 0, -99, 
1910, 1, MN100, 0, 1.94, -9.21, 3.2, 0.13, 0.49, 0, 0, -99, 
1910, 2, MN100, 0, 2.74, -13.35, 1.36, 0.16, 0.62, 0, 0, -99, 
1910, 3, MN100, 0, 1.67, 4.3, 20.12, 0.17, 0.46, 0, 0, -99, 
1910, 4, MN100, 0, 5.46, 8.62, 24.66, 0.48, 0.46, 0, 0, -99, 
1910, 5, MN100, 0, 4.76, 10.05, 26.07, 0.38, 0.55, 0, 0, -99, 
1910, 6, MN100, 0, 2.87, 19.25, 36.8, 0.56, 0.38, 0, 0, -99, 
1910, 7, MN100, 0, 11.08, 20.66, 36.55, 0.56, 0.38, 0, 0, -99, 
1910, 8, MN100, 0, 4.73, 18.63, 33.29, 0.54, 0.44, 0, 0, -99, 
1910, 9, MN100, 0, 10.06, 14.9, 28.79, 0.44, 0.48, 0, 0, -99, 
1910, 10, MN100, 0, 3.93, 10.65, 24.21, 0.37, 0.5, 0, 0, -99, 
1910, 11, MN100, 0, 3.03, 0.3, 8.15, 0.25, 0.46, 0, 0, -99, 
1910, 12, MN100, 0, 2.66, -9.38, 3.23, 0.34, 0.42, 0, 0, -99, 
1911, 1, MN100, 0, 2.63, -15.71, 0.15, 0.3, 0.45, 0, 0, -99, 
1911, 2, MN100, 0, 3.22, -8.19, 6.31, 0.47, 0.4, 0, 0, -99, 
1911, 3, MN100, 0, 3.91, 0.12, 13.84, 0.4, 0.52, 0, 0, -99, 
1911, 4, MN100, 0, 3.9, 6.58, 21.11, 0.41, 0.35, 0, 0, -99, 
1911, 5, MN100, 0, 8.72, 13.48, 30.4, 0.65, 0.51, 0, 0, -99, 
1911, 6, MN100, 0, 9.23, 19.9, 35.51, 0.42, 0.39, 0, 0, -99, 
1911, 7, MN100, 0, 12.48, 19.89, 34.82, 1.96, 0.36, 0, 0, -99, 
1911, 8, MN100, 0, 12.57, 18.31, 32.15, 1.62, 0.5, 0, 0, -99, 
1911, 9, MN100, 0, 9.3, 14.22, 27.09, 0.7, 0.5, 0, 0, -99, 
1911, 10, MN100, 0, 3.43, 8.19, 19.99, 0.28, 0.5, 0, 0, -99, 
1911, 11, MN100, 0, 3.98, -4.01, 7.79, 0.41, 0.49, 0, 0, -99, 
1911, 12, MN100, 0, 3.7, -3.86, 5.84, 0.45, 0.49, 0, 0, -99, 
1912, 1, MN100, 0, 1.56, -21.73, -7.24, 0.1, 0.58, 0, 0, -99, 
1912, 2, MN100, 0, 1.39, -12.12, 1.9, 0.15, 0.39, 0, 0, -99, 
1912, 3, MN100, 0, 1.55, -7.43, 8.55, 0.07, 0.48, 0, 0, -99, 
1912, 4, MN100, 0, 4.93, 6.57, 22.64, 0.71, 0.47, 0, 0, -99, 
1912, 5, MN100, 0, 11.59, 12.66, 27.72, 1.48, 0.56, 0, 0, -99, 
1912, 6, MN100, 0, 6.43, 15.99, 32.34, 0.54, 0.47, 0, 0, -99, 
1912, 7, MN100, 0, 7.21, 20.95, 34.26, 0.75, 0.46, 0, 0, -99, 
1912, 8, MN100, 0, 9.17, 18.55, 30.18, 0.89, 0.54, 0, 0, -99, 
1912, 9, MN100, 0, 8.92, 15.46, 27.91, 1.26, 0.44, 0, 0, -99, 
1912, 10, MN100, 0, 2.34, 9.08, 23.8, 0.2, 0.37, 0, 0, -99, 
1912, 11, MN100, 0, 2.05, 2.79, 13.86, 0.15, 0.6, 0, 0, -99, 
1912, 12, MN100, 0, 3.19, -5.95, 6.53, 0.26, 0.37, 0, 0, -99, 
1913, 1, MN100, 0, 1.81, -14.57, 0.39, 0.11, 0.36, 0, 0, -99, 
1913, 2, MN100, 0, 2.11, -13.69, 0.81, 0.11, 0.44, 0, 0, -99, 
1913, 3, MN100, 0, 4.55, -7.51, 6.79, 0.21, 0.46, 0, 0, -99, 
1913, 4, MN100, 0, 5.31, 7.95, 23.18, 0.4, 0.41, 0, 0, -99, 
1913, 5, MN100, 0, 11.16, 10.76, 25.41, 0.69, 0.51, 0, 0, -99, 
1913, 6, MN100, 0, 8.65, 18.64, 34.5, 0.62, 0.46, 0, 0, -99, 
1913, 7, MN100, 0, 17.47, 19.71, 33.12, 0.79, 0.46, 0, 0, -99, 
1913, 8, MN100, 0, 7.52, 20.58, 34.02, 1.2, 0.49, 0, 0, -99, 
1913, 9, MN100, 0, 8.95, 15.06, 27.95, 0.88, 0.57, 0, 0, -99, 
1913, 10, MN100, 0, 9.34, 7.53, 19.68, 0.65, 0.47, 0, 0, -99, 
1913, 11, MN100, 0, 3.05, 4.61, 15.27, 0.2, 0.52, 0, 0, -99, 
1913, 12, MN100, 0, 1.37, -0.76, 10, 0.11, 0.44, 0, 0, -99, 
1914, 1, MN100, 0, 3.31, -8.16, 4.49, 0.21, 0.57, 0, 0, -99, 
1914, 2, MN100, 0, 2.25, -17.62, -0.32, 0.18, 0.5, 0, 0, -99, 
1914, 3, MN100, 0, 3.2, -2.87, 11.11, 0.32, 0.53, 0, 0, -99, 
1914, 4, MN100, 0, 6.73, 5.73, 18.14, 0.39, 0.33, 0, 0, -99, 
1914, 5, MN100, 0, 8.19, 14.44, 29.59, 0.78, 0.3, 0, 0, -99, 
1914, 6, MN100, 0, 14.48, 17.84, 32.85, 1.77, 0.37, 0, 0, -99, 
1914, 7, MN100, 0, 8.83, 21.92, 37.4, 1.42, 0.31, 0, 0, -99, 
1914, 8, MN100, 0, 11.7, 19.36, 33.19, 0.92, 0.32, 0, 0, -99, 
1914, 9, MN100, 0, 8.36, 15.79, 29.52, 0.93, 0.36, 0, 0, -99, 
1914, 10, MN100, 0, 4.25, 12.33, 25.4, 1.17, 0.41, 0, 0, -99, 
1914, 11, MN100, 0, 2.67, 1.92, 12.38, 0.25, 0.4, 0, 0, -99, 
1914, 12, MN100, 0, 1.49, -10.57, 1.57, 0.12, 0.41, 0, 0, -99, 
1915, 1, MN100, 0, 2.64, -11.69, 0.78, 0.29, 0.47, 0, 0, -99, 
1915, 2, MN100, 0, 2.99, -4.44, 8.22, 0.21, 0.39, 0, 0, -99, 
1915, 3, MN100, 0, 1.51, -1.3, 12.57, 0.12, 0.34, 0, 0, -99, 
1915, 4, MN100, 0, 2.97, 11.23, 26.28, 0.36, 0.42, 0, 0, -99, 
1915, 5, MN100, 0, 8.43, 11.33, 25.24, 0.84, 0.49, 0, 0, -99, 
1915, 6, MN100, 0, 17.74, 15.81, 29.93, 2.5, 0.36, 0, 0, -99, 
1915, 7, MN100, 0, 8.04, 18.87, 33.11, 1.2, 0.28, 0, 0, -99, 
1915, 8, MN100, 0, 4.7, 17.45, 33.92, 0.35, 0.37, 0, 0, -99, 
1915, 9, MN100, 0, 6.03, 15.27, 29.13, 0.36, 0.35, 0, 0, -99, 
1915, 10, MN100, 0, 8.27, 10.1, 22.87, 0.73, 0.48, 0, 0, -99, 
1915, 11, MN100, 0, 6.55, 2.92, 11.77, 1.08, 0.37, 0, 0, -99, 
1915, 12, MN100, 0, 2.8, -4.02, 5.15, 0.27, 0.31, 0, 0, -99, 
1916, 1, MN100, 0, 6.26, -15.45, -0.5, 0.65, 0.47, 0, 0, -99, 
1916, 2, MN100, 0, 1.75, -13.36, 1.93, 0.07, 0.5, 0, 0, -99, 
1916, 3, MN100, 0, 4.31, -5.62, 9.28, 0.39, 0.58, 0, 0, -99, 
1916, 4, MN100, 0, 8.75, 6.48, 19.54, 0.75, 0.42, 0, 0, -99, 
1916, 5, MN100, 0, 8.38, 12.37, 25.87, 0.7, 0.47, 0, 0, -99, 
1916, 6, MN100, 0, 13.63, 16.77, 30.1, 1.1, 0.5, 0, 0, -99, 
1916, 7, MN100, 0, 6.95, 24.23, 39.17, 0.61, 0.55, 0, 0, -99, 
1916, 8, MN100, 0, 11.78, 20.87, 34.44, 2.17, 0.48, 0, 0, -99, 
1916, 9, MN100, 0, 9.71, 14.31, 27.6, 1, 0.34, 0, 0, -99, 
1916, 10, MN100, 0, 4.68, 8.58, 19.32, 0.23, 0.31, 0, 0, -99, 
1916, 11, MN100, 0, 1.37, 1.33, 12.13, 0.17, 0.4, 0, 0, -99, 
1916, 12, MN100, 0, 2.27, -11.7, 0.86, 0.17, 0.27, 0, 0, -99, 
1917, 1, MN100, 0, 1.78, -15.66, -1.09, 0.2, 0.52, 0, 0, -99, 
1917, 2, MN100, 0, 3.13, -15.87, -2.01, 0.24, 0.48, 0, 0, -99, 
1917, 3, MN100, 0, 5.09, -2.68, 10.85, 1.31, 0.41, 0, 0, -99, 
1917, 4, MN100, 0, 4.51, 6.22, 17.42, 0.35, 0.45, 0, 0, -99, 
1917, 5, MN100, 0, 2.1, 11.02, 27.24, 0.46, 0.76, 0, 0, -99, 
1917, 6, MN100, 0, 6, 16.94, 31.32, 0.79, 0.63, 0, 0, -99, 
1917, 7, MN100, 0, 9.17, 22.81, 36.44, 1.49, 0.59, 0, 0, -99, 
1917, 8, MN100, 0, 7.83, 19.08, 32.64, 1.54, 0.54, 0, 0, -99, 
1917, 9, MN100, 0, 4.65, 16.57, 28.13, 0.69, 0.65, 0, 0, -99, 
1917, 10, MN100, 0, 6.85, 5.56, 14.64, 0.68, 0.31, 0, 0, -99, 
1917, 11, MN100, 0, 1.26, 4.63, 15.11, 0.11, 0.27, 0, 0, -99, 
1917, 12, MN100, 0, 3.26, -13.94, -1.29, 0.35, 0.39, 0, 0, -99, 
1918, 1, MN100, 0, 2.77, -16.19, -3.18, 0.44, 0.61, 0, 0, -99, 
1918, 2, MN100, 0, 1.77, -11.14, 4.09, 0.26, 0.39, 0, 0, -99, 
1918, 3, MN100, 0, 1.7, 1.96, 16.43, 0.32, 0.45, 0, 0, -99, 
1918, 4, MN100, 0, 5.43, 5.57, 21.76, 0.43, 0.44, 0, 0, -99, 
1918, 5, MN100, 0, 9.81, 13.07, 27.89, 1.02, 0.47, 0, 0, -99, 
1918, 6, MN100, 0, 4.43, 18.24, 32.94, 0.49, 0.39, 0, 0, -99, 
1918, 7, MN100, 0, 6.98, 20.31, 35.38, 0.96, 0.29, 0, 0, -99, 
1918, 8, MN100, 0, 9.35, 20.08, 35.72, 1.1, 0.48, 0, 0, -99, 
1918, 9, MN100, 0, 4.29, 10.83, 26.47, 0.84, 0.48, 0, 0, -99, 
1918, 10, MN100, 0, 5.96, 9.98, 22.08, 1, 0.34, 0, 0, -99, 
1918, 11, MN100, 0, 3.97, 4.96, 14.3, 0.67, 0.27, 0, 0, -99, 
1918, 12, MN100, 0, 4.53, -2.07, 6.97, 0.5, 0.38, 0, 0, -99, 
1919, 1, MN100, 0, 1.9, -7.1, 6.01, 0.12, 0.58, 0, 0, -99, 
1919, 2, MN100, 0, 3.39, -8.51, 4.22, 0.4, 0.47, 0, 0, -99, 
1919, 3, MN100, 0, 3.42, -2.41, 10.73, 0.27, 0.38, 0, 0, -99, 
1919, 4, MN100, 0, 4.53, 7.73, 20.5, 0.77, 0.31, 0, 0, -99, 
1919, 5, MN100, 0, 5.61, 13.41, 29.38, 0.83, 0.31, 0, 0, -99, 
1919, 6, MN100, 0, 12.96, 21.43, 34.24, 0.63, 0.48, 0, 0, -99, 
1919, 7, MN100, 0, 8.85, 22.39, 36.92, 1.63, 0.27, 0, 0, -99, 
1919, 8, MN100, 0, 13.2, 20.29, 34.06, 2.62, 0.39, 0, 0, -99, 
1919, 9, MN100, 0, 7, 15.34, 30.17, 0.77, 0.58, 0, 0, -99, 
1919, 10, MN100, 0, 6.81, 6.64, 18.71, 0.28, 0.4, 0, 0, -99, 
1919, 11, MN100, 0, 7.04, -2.46, 8.33, 1.08, 0.35, 0, 0, -99, 
1919, 12, MN100, 0, 1.83, -12.4, -0.94, 0.17, 0.41, 0, 0, -99, 
1920, 1, MN100, 0, 3, -15.06, -1.74, 0.21, 0.63, 0, 0, -99, 
1920, 2, MN100, 0, 1.83, -9.63, 3.81, 0.14, 0.5, 0, 0, -99, 
1920, 3, MN100, 0, 3.69, -1.46, 11.94, 0.46, 0.38, 0, 0, -99, 
1920, 4, MN100, 0, 4.25, 3.17, 16.28, 0.66, 0.37, 0, 0, -99, 
1920, 5, MN100, 0, 8.3, 12.82, 29.07, 1.16, 0.36, 0, 0, -99, 
1920, 6, MN100, 0, 16.36, 18.86, 32.93, 2.69, 0.21, 0, 0, -99, 
1920, 7, MN100, 0, 11.35, 20.23, 34.8, 1.29, 0.27, 0, 0, -99, 
1920, 8, MN100, 0, 6.68, 19.16, 35.03, 1.03, 0.37, 0, 0, -99, 
1920, 9, MN100, 0, 6.48, 17.62, 31.41, 0.62, 0.42, 0, 0, -99, 
1920, 10, MN100, 0, 6.2, 12.83, 26.17, 1.09, 0.32, 0, 0, -99, 
1920, 11, MN100, 0, 3.21, 1.48, 10.5, 0.52, 0.4, 0, 0, -99, 
1920, 12, MN100, 0, 3.18, -3.66, 5.01, 0.37, 0.39, 0, 0, -99, 
1921, 1, MN100, 0, 2.21, -7.63, 4.99, 0.26, 0.85, 0, 0, -99, 
1921, 2, MN100, 0, 2.46, -5.58, 7.53, 0.3, 0.43, 0, 0, -99, 
1921, 3, MN100, 0, 4.45, -2.01, 11.92, 0.58, 0.57, 0, 0, -99, 
1921, 4, MN100, 0, 4.97, 8.55, 23.05, 0.36, 0.35, 0, 0, -99, 
1921, 5, MN100, 0, 10.42, 13.91, 29.4, 0.93, 0.35, 0, 0, -99, 
1921, 6, MN100, 0, 8.65, 21.13, 35.58, 0.99, 0.26, 0, 0, -99, 
1921, 7, MN100, 0, 11.97, 24.35, 38.84, 1.01, 0.29, 0, 0, -99, 
1921, 8, MN100, 0, 5.44, 19.74, 34.74, 0.59, 0.49, 0, 0, -99, 
1921, 9, MN100, 0, 7.81, 17.1, 29.48, 0.76, 0.49, 0, 0, -99, 
1921, 10, MN100, 0, 2.17, 10.22, 23.01, 0.29, 0.48, 0, 0, -99, 
1921, 11, MN100, 0, 1.98, -1.17, 7.75, 0.22, 0.48, 0, 0, -99, 
1921, 12, MN100, 0, 3.45, -6.8, 4.4, 0.19, 0.51, 0, 0, -99, 
1922, 1, MN100, 0, 2.03, -12.42, 1.28, 0.17, 0.74, 0, 0, -99, 
1922, 2, MN100, 0, 6.18, -12.39, 2.77, 1.38, 0.43, 0, 0, -99, 
1922, 3, MN100, 0, 4.14, -0.67, 12.31, 0.44, 0.33, 0, 0, -99, 
1922, 4, MN100, 0, 5.97, 7.47, 19.69, 0.62, 0.34, 0, 0, -99, 
1922, 5, MN100, 0, 8.61, 16.54, 31.21, 0.58, 0.49, 0, 0, -99, 
1922, 6, MN100, 0, 9.38, 19.31, 34, 0.38, 0.34, 0, 0, -99, 
1922, 7, MN100, 0, 6.29, 20.36, 34.48, 0.73, 0.29, 0, 0, -99, 
1922, 8, MN100, 0, 6.79, 20.64, 35.73, 0.43, 0.38, 0, 0, -99, 
1922, 9, MN100, 0, 7.05, 16.5, 31.26, 0.4, 0.38, 0, 0, -99, 
1922, 10, MN100, 0, 3.44, 10.6, 24.01, 0.59, 0.52, 0, 0, -99, 
1922, 11, MN100, 0, 8.32, 6.26, 13.54, 0.96, 0.35, 0, 0, -99, 
1922, 12, MN100, 0, 3.18, -9.49, 2.39, 0.24, 0.57, 0, 0, -99, 
1923, 1, MN100, 0, 3.75, -11.1, 3.21, 0.41, 0.87, 0, 0, -99, 
1923, 2, MN100, 0, 1.82, -14.25, 1.43, 0.12, 0.48, 0, 0, -99, 
1923, 3, MN100, 0, 2.76, -8.57, 6.19, 0.28, 0.54, 0, 0, -99, 
1923, 4, MN100, 0, 4.06, 5.95, 19.56, 0.29, 0.43, 0, 0, -99, 
1923, 5, MN100, 0, 5.01, 12.83, 29.47, 0.69, 0.43, 0, 0, -99, 
1923, 6, MN100, 0, 9.94, 19.97, 36.14, 1.32, 0.46, 0, 0, -99, 
1923, 7, MN100, 0, 9.42, 22.53, 36.87, 1.25, 0.47, 0, 0, -99, 
1923, 8, MN100, 0, 6.36, 17.73, 32.91, 0.51, 0.43, 0, 0, -99, 
1923, 9, MN100, 0, 4.84, 15.98, 29.76, 0.56, 0.48, 0, 0, -99, 
1923, 10, MN100, 0, 3.05, 9.63, 22.58, 0.26, 0.34, 0, 0, -99, 
1923, 11, MN100, 0, 2.28, 4.91, 15.83, 0.2, 0.36, 0, 0, -99, 
1923, 12, MN100, 0, 2.62, -1.93, 9.17, 0.16, 0.32, 0, 0, -99, 
1924, 1, MN100, 0, 1.9, -17.11, -2.08, 0.19, 0.84, 0, 0, -99, 
1924, 2, MN100, 0, 2.22, -6.62, 7.12, 0.2, 0.47, 0, 0, -99, 
1924, 3, MN100, 0, 1.82, -0.87, 11.72, 0.14, 0.47, 0, 0, -99, 
1924, 4, MN100, 0, 6.34, 6.71, 18.8, 0.69, 0.43, 0, 0, -99, 
1924, 5, MN100, 0, 5.31, 9.77, 24.31, 0.73, 0.43, 0, 0, -99, 
1924, 6, MN100, 0, 11.17, 16.38, 31.44, 1.72, 0.41, 0, 0, -99, 
1924, 7, MN100, 0, 11.58, 19.63, 34.55, 1.2, 0.35, 0, 0, -99, 
1924, 8, MN100, 0, 10.88, 18.88, 32.77, 0.87, 0.47, 0, 0, -99, 
1924, 9, MN100, 0, 10.14, 14.06, 26.82, 1.16, 0.4, 0, 0, -99, 
1924, 10, MN100, 0, 5.05, 12.19, 26.65, 0.48, 0.54, 0, 0, -99, 
1924, 11, MN100, 0, 2.2, 0.93, 10.9, 0.14, 0.44, 0, 0, -99, 
1924, 12, MN100, 0, 2.39, -13.6, -1.2, 0.23, 0.49, 0, 0, -99, 
1925, 1, MN100, 0, 1.75, -11.96, 1.91, 0.09, 0.77, 0, 0, -99, 
1925, 2, MN100, 0, 2.77, -7.77, 5.65, 0.2, 0.52, 0, 0, -99, 
1925, 3, MN100, 0, 2.45, -0.17, 13.17, 0.21, 0.59, 0, 0, -99, 
1925, 4, MN100, 0, 4.03, 9.04, 23.39, 1.18, 0.68, 0, 0, -99, 
1925, 5, MN100, 0, 3.25, 10.97, 28.16, 0.57, 0.56, 0, 0, -99, 
1925, 6, MN100, 0, 10.83, 18.69, 32.03, 0.57, 0.38, 0, 0, -99, 
1925, 7, MN100, 0, 7.98, 20.64, 35.08, 1.24, 0.33, 0, 0, -99, 
1925, 8, MN100, 0, 10.9, 21.11, 35.78, 0.43, 0.52, 0, 0, -99, 
1925, 9, MN100, 0, 14.03, 17.11, 28.85, 1.12, 0.5, 0, 0, -99, 
1925, 10, MN100, 0, 3.5, 5.71, 14.67, 0.26, 0.31, 0, 0, -99, 
1925, 11, MN100, 0, 2.75, 0.7, 12.21, 0.17, 0.5, 0, 0, -99, 
1925, 12, MN100, 0, 2.77, -7.97, 2.55, 0.41, 0.44, 0, 0, -99, 
1926, 1, MN100, 0, 2.45, -10.11, 3.24, 0.24, 0.62, 0, 0, -99, 
1926, 2, MN100, 0, 2.75, -6.71, 6.27, 0.13, 0.43, 0, 0, -99, 
1926, 3, MN100, 0, 4.57, -4.42, 8.68, 0.56, 0.5, 0, 0, -99, 
1926, 4, MN100, 0, 1.43, 4.66, 20.68, 0.29, 0.55, 0, 0, -99, 
1926, 5, MN100, 0, 5.79, 13.22, 30.38, 0.49, 0.57, 0, 0, -99, 
1926, 6, MN100, 0, 9.39, 16.42, 30.49, 0.94, 0.44, 0, 0, -99, 
1926, 7, MN100, 0, 9.67, 20.62, 35.77, 1.53, 0.34, 0, 0, -99, 
1926, 8, MN100, 0, 9.14, 20.23, 33.15, 1.12, 0.39, 0, 0, -99, 
1926, 9, MN100, 0, 13.16, 14.48, 24.71, 0.64, 0.51, 0, 0, -99, 
1926, 10, MN100, 0, 7.09, 8.73, 19.25, 0.63, 0.43, 0, 0, -99, 
1926, 11, MN100, 0, 5.12, -1.25, 7.21, 0.52, 0.45, 0, 0, -99, 
1926, 12, MN100, 0, 3.19, -10.16, 1.61, 0.25, 0.45, 0, 0, -99, 
1927, 1, MN100, 0, 2.71, -12.49, 0.66, 0.26, 0.61, 0, 0, -99, 
1927, 2, MN100, 0, 3.91, -7.89, 5.78, 0.44, 0.44, 0, 0, -99, 
1927, 3, MN100, 0, 3.76, 1.53, 13.18, 0.44, 0.38, 0, 0, -99, 
1927, 4, MN100, 0, 5.29, 7.1, 19.27, 0.45, 0.52, 0, 0, -99, 
1927, 5, MN100, 0, 7.91, 11.84, 23.5, 0.87, 0.37, 0, 0, -99, 
1927, 6, MN100, 0, 7.73, 17.56, 31.62, 0.64, 0.42, 0, 0, -99, 
1927, 7, MN100, 0, 9.84, 19.44, 33.88, 0.84, 0.32, 0, 0, -99, 
1927, 8, MN100, 0, 9.07, 17.27, 32.37, 1.87, 0.34, 0, 0, -99, 
1927, 9, MN100, 0, 4.74, 17.52, 29.63, 0.62, 0.43, 0, 0, -99, 
1927, 10, MN100, 0, 4.27, 10.28, 23.46, 0.3, 0.39, 0, 0, -99, 
1927, 11, MN100, 0, 5.02, -0.75, 8.8, 0.87, 0.33, 0, 0, -99, 
1927, 12, MN100, 0, 4.07, -13.55, -1.8, 0.36, 0.54, 0, 0, -99, 
1928, 1, MN100, 0, 2.13, -10.67, 2.13, 0.14, 0.73, 0, 0, -99, 
1928, 2, MN100, 0, 1.49, -7.59, 5.05, 0.11, 0.4, 0, 0, -99, 
1928, 3, MN100, 0, 2.92, -2.98, 11.58, 0.43, 0.46, 0, 0, -99, 
1928, 4, MN100, 0, 6.56, 3.82, 16.62, 0.46, 0.51, 0, 0, -99, 
1928, 5, MN100, 0, 2.93, 13.6, 30.38, 0.44, 0.43, 0, 0, -99, 
1928, 6, MN100, 0, 13.51, 16.67, 30.17, 1.02, 0.35, 0, 0, -99, 
1928, 7, MN100, 0, 15.85, 21.17, 34.45, 1.5, 0.3, 0, 0, -99, 
1928, 8, MN100, 0, 16.02, 20.38, 33.83, 1.71, 0.4, 0, 0, -99, 
1928, 9, MN100, 0, 11.19, 14.47, 26.29, 0.58, 0.46, 0, 0, -99, 
1928, 10, MN100, 0, 8.34, 10.53, 21.72, 0.85, 0.41, 0, 0, -99, 
1928, 11, MN100, 0, 1.94, 4.6, 14.45, 0.22, 0.52, 0, 0, -99, 
1928, 12, MN100, 0, 2.87, -2.97, 6.91, 0.27, 0.44, 0, 0, -99, 
1929, 1, MN100, 0, 3.87, -18.93, -4.66, 0.31, 0.59, 0, 0, -99, 
1929, 2, MN100, 0, 1.46, -12.87, 1.01, 0.13, 0.38, 0, 0, -99, 
1929, 3, MN100, 0, 3.57, 0.96, 12.71, 0.4, 0.43, 0, 0, -99, 
1929, 4, MN100, 0, 3.26, 7.25, 21.04, 0.26, 0.42, 0, 0, -99, 
1929, 5, MN100, 0, 5, 10.71, 26.1, 0.52, 0.37, 0, 0, -99, 
1929, 6, MN100, 0, 8.03, 16.7, 32.73, 0.68, 0.33, 0, 0, -99, 
1929, 7, MN100, 0, 5.56, 21.18, 36.92, 0.7, 0.32, 0, 0, -99, 
1929, 8, MN100, 0, 6.2, 19.76, 35.34, 0.93, 0.45, 0, 0, -99, 
1929, 9, MN100, 0, 11.54, 14.61, 27.65, 1.31, 0.46, 0, 0, -99, 
1929, 10, MN100, 0, 5.56, 10.46, 23.08, 0.26, 0.39, 0, 0, -99, 
1929, 11, MN100, 0, 1.99, -0.33, 10.28, 0.22, 0.46, 0, 0, -99, 
1929, 12, MN100, 0, 3, -7.92, 2.43, 0.2, 0.59, 0, 0, -99, 
1930, 1, MN100, 0, 2.08, -16.23, -2.44, 0.15, 0.86, 0, 0, -99, 
1930, 2, MN100, 0, 3.85, -4.87, 7.62, 0.48, 0.43, 0, 0, -99, 
1930, 3, MN100, 0, 1.95, -2.08, 11.9, 0.26, 0.46, 0, 0, -99, 
1930, 4, MN100, 0, 2.68, 7.36, 22.72, 0.35, 0.33, 0, 0, -99, 
1930, 5, MN100, 0, 11.13, 13.43, 27.51, 0.61, 0.35, 0, 0, -99, 
1930, 6, MN100, 0, 11.92, 19.61, 33.95, 1.12, 0.35, 0, 0, -99, 
1930, 7, MN100, 0, 8.21, 21.28, 36.53, 1.46, 0.39, 0, 0, -99, 
1930, 8, MN100, 0, 3.05, 20.41, 37.85, 0.78, 0.47, 0, 0, -99, 
1930, 9, MN100, 0, 12.34, 14.59, 29.8, 2.83, 0.47, 0, 0, -99, 
1930, 10, MN100, 0, 4.23, 9.85, 20.43, 0.51, 0.31, 0, 0, -99, 
1930, 11, MN100, 0, 7.01, 2.66, 14.14, 0.93, 0.44, 0, 0, -99, 
1930, 12, MN100, 0, 1.62, -4.38, 6.11, 0.14, 0.45, 0, 0, -99, 
1931, 1, MN100, 0, 1.66, -5.23, 6.41, 0.2, 0.58, 0, 0, -99, 
1931, 2, MN100, 0, 1.39, -2.05, 11.36, 0.13, 0.44, 0, 0, -99, 
1931, 3, MN100, 0, 3.51, 0.21, 11.94, 0.17, 0.4, 0, 0, -99, 
1931, 4, MN100, 0, 2.85, 7.23, 23.76, 0.21, 0.36, 0, 0, -99, 
1931, 5, MN100, 0, 8.51, 12.39, 27.66, 1.16, 0.38, 0, 0, -99, 
1931, 6, MN100, 0, 12.82, 20.29, 34.57, 1.3, 0.4, 0, 0, -99, 
1931, 7, MN100, 0, 6.62, 22.31, 37.18, 0.8, 0.34, 0, 0, -99, 
1931, 8, MN100, 0, 8.51, 20.05, 33.88, 0.68, 0.32, 0, 0, -99, 
1931, 9, MN100, 0, 8.58, 18.1, 32.55, 1.09, 0.37, 0, 0, -99, 
1931, 10, MN100, 0, 7.22, 12.98, 25.87, 1.23, 0.35, 0, 0, -99, 
1931, 11, MN100, 0, 7.81, 5.83, 16.21, 0.74, 0.57, 0, 0, -99, 
1931, 12, MN100, 0, 1.84, -0.09, 9.32, 0.12, 0.64, 0, 0, -99, 
1932, 1, MN100, 0, 3.35, -6, 4.9, 0.49, 0.69, 0, 0, -99, 
1932, 2, MN100, 0, 2.15, -9.61, 5.47, 0.22, 0.55, 0, 0, -99, 
1932, 3, MN100, 0, 2.69, -6.5, 7.1, 0.4, 0.58, 0, 0, -99, 
1932, 4, MN100, 0, 5.03, 6.75, 20.67, 0.57, 0.32, 0, 0, -99, 
1932, 5, MN100, 0, 9.18, 13.52, 28.94, 0.57, 0.36, 0, 0, -99, 
1932, 6, MN100, 0, 8, 20.05, 35.25, 0.7, 0.46, 0, 0, -99, 
1932, 7, MN100, 0, 9.35, 21.31, 36.13, 0.57, 0.35, 0, 0, -99, 
1932, 8, MN100, 0, 11.05, 20.51, 35.69, 1.23, 0.35, 0, 0, -99, 
1932, 9, MN100, 0, 2.82, 14.17, 29.73, 0.42, 0.46, 0, 0, -99, 
1932, 10, MN100, 0, 6.05, 8.54, 19.83, 0.23, 0.38, 0, 0, -99, 
1932, 11, MN100, 0, 7.03, -0.59, 10.72, 0.71, 0.6, 0, 0, -99, 
1932, 12, MN100, 0, 2.13, -9.48, 3.15, 0.33, 0.7, 0, 0, -99, 
1933, 1, MN100, 0, 2.54, -8.01, 6.07, 0.18, 0.71, 0, 0, -99, 
1933, 2, MN100, 0, 2.77, -13.34, 1.42, 0.32, 0.48, 0, 0, -99, 
1933, 3, MN100, 0, 2.5, -1.8, 10.17, 0.81, 0.52, 0, 0, -99, 
1933, 4, MN100, 0, 5.82, 6.41, 19.09, 0.51, 0.36, 0, 0, -99, 
1933, 5, MN100, 0, 7.97, 13.84, 28.33, 1.05, 0.39, 0, 0, -99, 
1933, 6, MN100, 0, 6.33, 20.93, 37.69, 0.9, 0.38, 0, 0, -99, 
1933, 7, MN100, 0, 8.4, 21.92, 37.26, 2.34, 0.31, 0, 0, -99, 
1933, 8, MN100, 0, 4.65, 19.34, 34.43, 0.54, 0.34, 0, 0, -99, 
1933, 9, MN100, 0, 9.58, 17.24, 31.48, 1.46, 0.42, 0, 0, -99, 
1933, 10, MN100, 0, 9.21, 7.2, 19.49, 0.91, 0.51, 0, 0, -99, 
1933, 11, MN100, 0, 3.58, -0.78, 8.99, 0.51, 0.53, 0, 0, -99, 
1933, 12, MN100, 0, 4.17, -11.85, 1.58, 0.31, 0.79, 0, 0, -99, 
1934, 1, MN100, 0, 2.39, -7.54, 5.08, 0.24, 0.88, 0, 0, -99, 
1934, 2, MN100, 0, 2.13, -11.6, 3.1, 0.4, 0.66, 0, 0, -99, 
1934, 3, MN100, 0, 2.52, -5.04, 9.5, 0.26, 0.53, 0, 0, -99, 
1934, 4, MN100, 0, 3.13, 6.89, 18.7, 0.43, 0.47, 0, 0, -99, 
1934, 5, MN100, 0, 4.24, 14.78, 32.21, 0.39, 0.34, 0, 0, -99, 
1934, 6, MN100, 0, 9.22, 18.84, 33.4, 1.41, 0.31, 0, 0, -99, 
1934, 7, MN100, 0, 6.93, 20.45, 35.96, 0.62, 0.29, 0, 0, -99, 
1934, 8, MN100, 0, 6.14, 17.68, 32.26, 0.29, 0.49, 0, 0, -99, 
1934, 9, MN100, 0, 7.39, 14.69, 26.99, 1.14, 0.32, 0, 0, -99, 
1934, 10, MN100, 0, 7.92, 11.53, 23.79, 0.79, 0.35, 0, 0, -99, 
1934, 11, MN100, 0, 3.66, 5.03, 14.66, 0.51, 0.51, 0, 0, -99, 
1934, 12, MN100, 0, 3.36, -9.97, 2.31, 0.29, 0.56, 0, 0, -99, 
1935, 1, MN100, 0, 4.44, -14.53, -0.66, 0.45, 0.6, 0, 0, -99, 
1935, 2, MN100, 0, 1.42, -5.03, 8.18, 0.16, 0.54, 0, 0, -99, 
1935, 3, MN100, 0, 5.25, -1.11, 10.87, 0.53, 0.44, 0, 0, -99, 
1935, 4, MN100, 0, 5.4, 5.83, 18.29, 0.45, 0.36, 0, 0, -99, 
1935, 5, MN100, 0, 5.69, 10.9, 26.1, 0.38, 0.36, 0, 0, -99, 
1935, 6, MN100, 0, 10.38, 17.28, 29.68, 0.61, 0.29, 0, 0, -99, 
1935, 7, MN100, 0, 16.13, 24.06, 37.66, 1.15, 0.43, 0, 0, -99, 
1935, 8, MN100, 0, 13.21, 21.09, 33.41, 1.15, 0.3, 0, 0, -99, 
1935, 9, MN100, 0, 5.56, 13.68, 27.63, 0.46, 0.43, 0, 0, -99, 
1935, 10, MN100, 0, 7.17, 9.31, 21.26, 0.45, 0.4, 0, 0, -99, 
1935, 11, MN100, 0, 3.67, -1.54, 8.05, 0.2, 0.71, 0, 0, -99, 
1935, 12, MN100, 0, 2.38, -6.27, 3.83, 0.25, 0.66, 0, 0, -99, 
1936, 1, MN100, 0, 2.9, -15.52, -2.77, 0.3, 0.88, 0, 0, -99, 
1936, 2, MN100, 0, 2.61, -19.05, -3.83, 0.2, 0.88, 0, 0, -99, 
1936, 3, MN100, 0, 4.65, -1.12, 10.09, 0.61, 0.39, 0, 0, -99, 
1936, 4, MN100, 0, 4.21, 3.16, 16.17, 0.51, 0.5, 0, 0, -99, 
1936, 5, MN100, 0, 8.42, 14.32, 29.82, 0.96, 0.38, 0, 0, -99, 
1936, 6, MN100, 0, 4.86, 16.7, 32.26, 0.53, 0.3, 0, 0, -99, 
1936, 7, MN100, 0, 4.02, 22.68, 39.87, 0.63, 0.29, 0, 0, -99, 
1936, 8, MN100, 0, 7.57, 20.82, 34.65, 0.72, 0.28, 0, 0, -99, 
1936, 9, MN100, 0, 5.79, 16.31, 30.59, 0.45, 0.43, 0, 0, -99, 
1936, 10, MN100, 0, 3.15, 6.43, 19.04, 0.65, 0.51, 0, 0, -99, 
1936, 11, MN100, 0, 3.87, -1.21, 9.21, 0.46, 0.57, 0, 0, -99, 
1936, 12, MN100, 0, 6.29, -6.89, 5.55, 0.64, 0.65, 0, 0, -99, 
1937, 1, MN100, 0, 4.1, -17.33, -1.77, 0.24, 0.8, 0, 0, -99, 
1937, 2, MN100, 0, 3.67, -11.13, 3.63, 0.17, 0.85, 0, 0, -99, 
1937, 3, MN100, 0, 1.59, -4.92, 10.28, 0.1, 0.58, 0, 0, -99, 
1937, 4, MN100, 0, 8.46, 6.93, 17.48, 0.69, 0.43, 0, 0, -99, 
1937, 5, MN100, 0, 10.44, 13.56, 28.97, 0.39, 0.31, 0, 0, -99, 
1937, 6, MN100, 0, 5.57, 18, 33.14, 0.82, 0.26, 0, 0, -99, 
1937, 7, MN100, 0, 9.79, 21.68, 36.5, 2.28, 0.31, 0, 0, -99, 
1937, 8, MN100, 0, 11.1, 22.89, 37, 1.09, 0.31, 0, 0, -99, 
1937, 9, MN100, 0, 10.45, 15.47, 29.28, 0.96, 0.35, 0, 0, -99, 
1937, 10, MN100, 0, 3.13, 8.24, 19.57, 0.4, 0.41, 0, 0, -99, 
1937, 11, MN100, 0, 3.49, 1.24, 10.96, 0.51, 0.47, 0, 0, -99, 
1937, 12, MN100, 0, 2.7, -8.98, 3.57, 0.24, 0.62, 0, 0, -99, 
1938, 1, MN100, 0, 2.73, -11.72, 0.68, 0.24, 0.56, 0, 0, -99, 
1938, 2, MN100, 0, 2.31, -6.59, 6.88, 0.23, 0.7, 0, 0, -99, 
1938, 3, MN100, 0, 4.34, 2.01, 16.84, 0.64, 0.29, 0, 0, -99, 
1938, 4, MN100, 0, 9.96, 6.42, 20.88, 1.05, 0.46, 0, 0, -99, 
1938, 5, MN100, 0, 12.36, 12.97, 25.82, 0.91, 0.31, 0, 0, -99, 
1938, 6, MN100, 0, 7.19, 18.83, 32.87, 1.23, 0.23, 0, 0, -99, 
1938, 7, MN100, 0, 6.41, 21.21, 35.3, 0.49, 0.28, 0, 0, -99, 
1938, 8, MN100, 0, 7.09, 21.89, 36.51, 0.63, 0.27, 0, 0, -99, 
1938, 9, MN100, 0, 5.29, 15.27, 29.56, 1.44, 0.36, 0, 0, -99, 
1938, 10, MN100, 0, 2.42, 12.02, 25.28, 0.24, 0.33, 0, 0, -99, 
1938, 11, MN100, 0, 7.25, 0.55, 10.27, 0.47, 0.64, 0, 0, -99, 
1938, 12, MN100, 0, 2.51, -6.75, 4.26, 0.26, 0.56, 0, 0, -99, 
1939, 1, MN100, 0, 4.6, -8.52, 4.12, 0.22, 0.8, 0, 0, -99, 
1939, 2, MN100, 0, 5.12, -15.25, 0.68, 0.74, 0.86, 0, 0, -99, 
1939, 3, MN100, 0, 3.02, -5.02, 10.44, 0.26, 0.55, 0, 0, -99, 
1939, 4, MN100, 0, 2.98, 4.78, 18.76, 0.58, 0.3, 0, 0, -99, 
1939, 5, MN100, 0, 7.27, 13.82, 29.99, 1.45, 0.41, 0, 0, -99, 
1939, 6, MN100, 0, 13.07, 19.08, 32.63, 1.32, 0.31, 0, 0, -99, 
1939, 7, MN100, 0, 5.11, 21.96, 37.09, 0.79, 0.22, 0, 0, -99, 
1939, 8, MN100, 0, 15.33, 20.9, 34.81, 1.82, 0.27, 0, 0, -99, 
1939, 9, MN100, 0, 4.47, 15.88, 29.82, 1.23, 0.38, 0, 0, -99, 
1939, 10, MN100, 0, 5.93, 9.2, 20.44, 0.36, 0.57, 0, 0, -99, 
1939, 11, MN100, 0, 1.19, 3.61, 16.03, 0.1, 0.52, 0, 0, -99, 
1939, 12, MN100, 0, 1.68, -0.8, 10.3, 0.11, 0.42, 0, 0, -99, 
1940, 1, MN100, 0, 1.74, -12.54, 0.2, 0.15, 0.57, 0, 0, -99, 
1940, 2, MN100, 0, 3.14, -6.32, 6.4, 0.27, 0.69, 0, 0, -99, 
1940, 3, MN100, 0, 3.7, -4.6, 8.2, 0.36, 0.48, 0, 0, -99, 
1940, 4, MN100, 0, 9.26, 5.89, 19.1, 0.92, 0.41, 0, 0, -99, 
1940, 5, MN100, 0, 6.77, 11.67, 26.73, 1.3, 0.34, 0, 0, -99, 
1940, 6, MN100, 0, 7.16, 17.17, 31.96, 0.94, 0.31, 0, 0, -99, 
1940, 7, MN100, 0, 11.57, 20.99, 36.17, 1.07, 0.26, 0, 0, -99, 
1940, 8, MN100, 0, 6.6, 20.6, 32.41, 0.98, 0.32, 0, 0, -99, 
1940, 9, MN100, 0, 5.97, 16.94, 31.43, 1.01, 0.45, 0, 0, -99, 
1940, 10, MN100, 0, 6.92, 12.12, 23.42, 0.44, 0.54, 0, 0, -99, 
1940, 11, MN100, 0, 7.49, 0.09, 9.24, 0.8, 0.64, 0, 0, -99, 
1940, 12, MN100, 0, 1.55, -5.72, 5.83, 0.12, 0.57, 0, 0, -99, 
1941, 1, MN100, 0, 3.8, -8.92, 2.75, 0.26, 0.71, 0, 0, -99, 
1941, 2, MN100, 0, 2.03, -9.15, 4.26, 0.27, 0.77, 0, 0, -99, 
1941, 3, MN100, 0, 2.88, -2.61, 10.59, 0.27, 0.41, 0, 0, -99, 
1941, 4, MN100, 0, 7.34, 11.05, 23.47, 0.81, 0.35, 0, 0, -99, 
1941, 5, MN100, 0, 7.38, 15.59, 30.47, 0.81, 0.45, 0, 0, -99, 
1941, 6, MN100, 0, 10.94, 19.71, 33.02, 1.4, 0.3, 0, 0, -99, 
1941, 7, MN100, 0, 9.94, 22.86, 37.2, 2.07, 0.24, 0, 0, -99, 
1941, 8, MN100, 0, 14.98, 20.55, 33.54, 0.94, 0.32, 0, 0, -99, 
1941, 9, MN100, 0, 14.87, 17.49, 28.82, 1.25, 0.4, 0, 0, -99, 
1941, 10, MN100, 0, 7.08, 10.62, 22.75, 0.8, 0.45, 0, 0, -99, 
1941, 11, MN100, 0, 1.52, 3.5, 12.72, 0.13, 0.57, 0, 0, -99, 
1941, 12, MN100, 0, 2.06, -3.2, 7.58, 0.11, 0.68, 0, 0, -99, 
1942, 1, MN100, 0, 2.05, -7.33, 5.57, 0.23, 0.65, 0, 0, -99, 
1942, 2, MN100, 0, 1.72, -8.25, 5.56, 0.09, 0.59, 0, 0, -99, 
1942, 3, MN100, 0, 4.88, 2.3, 13.82, 0.28, 0.46, 0, 0, -99, 
1942, 4, MN100, 0, 5.5, 9.44, 25.85, 0.59, 0.4, 0, 0, -99, 
1942, 5, MN100, 0, 10.18, 11.36, 26.81, 1.2, 0.32, 0, 0, -99, 
1942, 6, MN100, 0, 10.5, 18.38, 31.59, 1.14, 0.24, 0, 0, -99, 
1942, 7, MN100, 0, 8.87, 20.35, 34.5, 0.77, 0.22, 0, 0, -99, 
1942, 8, MN100, 0, 13.13, 20.72, 34.11, 3, 0.39, 0, 0, -99, 
1942, 9, MN100, 0, 6.03, 14.25, 27.08, 0.26, 0.39, 0, 0, -99, 
1942, 10, MN100, 0, 5.15, 9.67, 23.6, 0.23, 0.29, 0, 0, -99, 
1942, 11, MN100, 0, 3.06, 1.03, 12.22, 0.37, 0.58, 0, 0, -99, 
1942, 12, MN100, 0, 3.3, -8.53, 1.41, 0.22, 0.75, 0, 0, -99, 
1943, 1, MN100, 0, 3.17, -14.09, -1.5, 0.42, 0.72, 0, 0, -99, 
1943, 2, MN100, 0, 2.76, -9.84, 6.29, 0.29, 0.69, 0, 0, -99, 
1943, 3, MN100, 0, 3.1, -6.92, 8.04, 0.39, 0.55, 0, 0, -99, 
1943, 4, MN100, 0, 4.89, 6, 20.5, 0.19, 0.42, 0, 0, -99, 
1943, 5, MN100, 0, 10.72, 12.05, 26.86, 1.05, 0.47, 0, 0, -99, 
1943, 6, MN100, 0, 14.07, 18.85, 33.19, 1.22, 0.4, 0, 0, -99, 
1943, 7, MN100, 0, 9.2, 22.58, 38.02, 1.44, 0.32, 0, 0, -99, 
1943, 8, MN100, 0, 14.29, 20.78, 34.67, 2.03, 0.38, 0, 0, -99, 
1943, 9, MN100, 0, 7.66, 13.7, 27.79, 1.13, 0.37, 0, 0, -99, 
1943, 10, MN100, 0, 5.12, 9.73, 24.29, 0.5, 0.34, 0, 0, -99, 
1943, 11, MN100, 0, 3.79, 0.61, 9.62, 0.6, 0.45, 0, 0, -99, 
1943, 12, MN100, 0, 1.53, -6.27, 6.47, 0.12, 0.48, 0, 0, -99, 
1944, 1, MN100, 0, 1.79, -3.89, 7.74, 0.09, 0.7, 0, 0, -99, 
1944, 2, MN100, 0, 1.79, -9.77, 5.43, 0.28, 0.61, 0, 0, -99, 
1944, 3, MN100, 0, 3.67, -2.71, 9.28, 0.39, 0.43, 0, 0, -99, 
1944, 4, MN100, 0, 3.01, 5.3, 20.54, 0.45, 0.39, 0, 0, -99, 
1944, 5, MN100, 0, 13.95, 14.55, 29.07, 1.33, 0.34, 0, 0, -99, 
1944, 6, MN100, 0, 22.3, 18.89, 33.21, 2.4, 0.37, 0, 0, -99, 
1944, 7, MN100, 0, 11.33, 21.46, 34.79, 1.33, 0.31, 0, 0, -99, 
1944, 8, MN100, 0, 15.29, 20.8, 34.32, 2.41, 0.36, 0, 0, -99, 
1944, 9, MN100, 0, 7.06, 16.41, 28.2, 0.93, 0.43, 0, 0, -99, 
1944, 10, MN100, 0, 1.82, 9.81, 24.65, 0.18, 0.35, 0, 0, -99, 
1944, 11, MN100, 0, 6.22, 6.97, 13.21, 0.42, 0.53, 0, 0, -99, 
1944, 12, MN100, 0, 1.89, -6.32, 4.14, 0.21, 0.48, 0, 0, -99, 
1945, 1, MN100, 0, 2.86, -10.11, 0.8, 0.14, 0.54, 0, 0, -99, 
1945, 2, MN100, 0, 3.54, -8.53, 5.71, 0.29, 0.57, 0, 0, -99, 
1945, 3, MN100, 0, 6.05, 3.07, 17.31, 0.66, 0.42, 0, 0, -99, 
1945, 4, MN100, 0, 8, 5.88, 18.49, 0.5, 0.43, 0, 0, -99, 
1945, 5, MN100, 0, 4.25, 9.36, 24.99, 0.44, 0.45, 0, 0, -99, 
1945, 6, MN100, 0, 9.87, 16.29, 29.96, 1.15, 0.32, 0, 0, -99, 
1945, 7, MN100, 0, 11.67, 20.58, 34.11, 1.28, 0.25, 0, 0, -99, 
1945, 8, MN100, 0, 10.91, 20.62, 34.1, 1.02, 0.42, 0, 0, -99, 
1945, 9, MN100, 0, 10.99, 14.79, 27.22, 0.68, 0.51, 0, 0, -99, 
1945, 10, MN100, 0, 3.11, 8.09, 22.31, 0.29, 0.43, 0, 0, -99, 
1945, 11, MN100, 0, 4.09, 1.79, 9.68, 0.47, 0.56, 0, 0, -99, 
1945, 12, MN100, 0, 3.09, -8.25, 1.52, 0.2, 0.6, 0, 0, -99, 
1946, 1, MN100, 0, 3.12, -9.98, 2.16, 0.51, 0.71, 0, 0, -99, 
1946, 2, MN100, 0, 2.83, -11.44, 2.7, 0.32, 0.68, 0, 0, -99, 
1946, 3, MN100, 0, 4.68, 3.8, 18.09, 0.57, 0.44, 0, 0, -99, 
1946, 4, MN100, 0, 5.62, 8.38, 22.59, 0.38, 0.53, 0, 0, -99, 
1946, 5, MN100, 0, 8.46, 11.49, 26.65, 0.62, 0.34, 0, 0, -99, 
1946, 6, MN100, 0, 16.98, 18.07, 32.5, 3.69, 0.38, 0, 0, -99, 
1946, 7, MN100, 0, 6.75, 21.43, 35.86, 0.54, 0.29, 0, 0, -99, 
1946, 8, MN100, 0, 7.35, 19.36, 33.54, 2.12, 0.39, 0, 0, -99, 
1946, 9, MN100, 0, 11.63, 15.01, 28.31, 1.14, 0.48, 0, 0, -99, 
1946, 10, MN100, 0, 13.34, 9.83, 22.05, 1.18, 0.52, 0, 0, -99, 
1946, 11, MN100, 0, 5.43, 0.95, 12.83, 0.66, 0.59, 0, 0, -99, 
1946, 12, MN100, 0, 4.03, -7.57, 3.42, 0.34, 0.65, 0, 0, -99, 
1947, 1, MN100, 0, 1.9, -9.27, 4.77, 0.16, 0.62, 0, 0, -99, 
1947, 2, MN100, 0, 1.96, -11.49, 2.96, 0.15, 0.77, 0, 0, -99, 
1947, 3, MN100, 0, 2.32, -3.32, 10.48, 0.15, 0.57, 0, 0, -99, 
1947, 4, MN100, 0, 7.62, 5.51, 17.72, 0.74, 0.48, 0, 0, -99, 
1947, 5, MN100, 0, 6.04, 10.75, 25.2, 0.48, 0.52, 0, 0, -99, 
1947, 6, MN100, 0, 10.69, 17.31, 30.37, 0.77, 0.38, 0, 0, -99, 
1947, 7, MN100, 0, 5.55, 21.76, 36.94, 0.9, 0.28, 0, 0, -99, 
1947, 8, MN100, 0, 12.06, 23.1, 36.29, 0.53, 0.46, 0, 0, -99, 
1947, 9, MN100, 0, 15.01, 15.17, 28.14, 2.88, 0.38, 0, 0, -99, 
1947, 10, MN100, 0, 3.46, 14.03, 27.37, 0.43, 0.38, 0, 0, -99, 
1947, 11, MN100, 0, 6.73, -0.2, 8.63, 1.31, 0.47, 0, 0, -99, 
1947, 12, MN100, 0, 2.54, -6.83, 3.88, 0.37, 0.89, 0, 0, -99, 
1948, 1, MN100, 0, 3.17, -14.46, 0.31, 0.19, 0.53, 0, 0, -99, 
1948, 2, MN100, 0, 3.28, -12.54, 3.13, 0.3, 0.72, 0, 0, -99, 
1948, 3, MN100, 0, 4.39, -3.77, 10.65, 0.45, 0.47, 0, 0, -99, 
1948, 4, MN100, 0, 11.54, 8, 21.59, 1.66, 0.53, 0, 0, -99, 
1948, 5, MN100, 0, 3.37, 11.55, 28.74, 0.19, 0.34, 0, 0, -99, 
1948, 6, MN100, 0, 8.19, 17.96, 32.15, 1.1, 0.32, 0, 0, -99, 
1948, 7, MN100, 0, 11.9, 21.05, 35.62, 0.81, 0.3, 0, 0, -99, 
1948, 8, MN100, 0, 7.25, 20.58, 35.37, 0.65, 0.43, 0, 0, -99, 
1948, 9, MN100, 0, 2.33, 16.49, 32.6, 0.3, 0.52, 0, 0, -99, 
1948, 10, MN100, 0, 3.06, 9.59, 24.16, 0.15, 0.3, 0, 0, -99, 
1948, 11, MN100, 0, 4.88, 3.39, 12.11, 0.49, 0.39, 0, 0, -99, 
1948, 12, MN100, 0, 4.29, -8.17, 4.49, 0.4, 0.64, 0, 0, -99, 
1949, 1, MN100, 0, 4.06, -9.64, 2.77, 0.22, 0.78, 0, 0, -99, 
1949, 2, MN100, 0, 2.31, -12.77, 2.76, 0.23, 0.82, 0, 0, -99, 
1949, 3, MN100, 0, 3.89, -3.98, 9.58, 0.64, 0.57, 0, 0, -99, 
1949, 4, MN100, 0, 2.65, 7.33, 23.15, 0.14, 0.47, 0, 0, -99, 
1949, 5, MN100, 0, 11.08, 12.96, 28.92, 0.77, 0.36, 0, 0, -99, 
1949, 6, MN100, 0, 10.82, 19.55, 34.4, 1.65, 0.4, 0, 0, -99, 
1949, 7, MN100, 0, 18.9, 22.06, 35.25, 1.32, 0.31, 0, 0, -99, 
1949, 8, MN100, 0, 7.66, 21.75, 35.52, 1, 0.47, 0, 0, -99, 
1949, 9, MN100, 0, 4.45, 14.01, 27.84, 0.45, 0.47, 0, 0, -99, 
1949, 10, MN100, 0, 12.69, 10.18, 22.76, 1.15, 0.45, 0, 0, -99, 
1949, 11, MN100, 0, 3.98, 3.83, 12.96, 0.25, 0.47, 0, 0, -99, 
1949, 12, MN100, 0, 3.41, -8.38, 3.81, 0.28, 0.62, 0, 0, -99, 
1950, 1, MN100, 0, 5.78, -17.04, -2.28, 0.47, 0.83, 0, 0, -99, 
1950, 2, MN100, 0, 1.74, -10.39, 5.12, 0.14, 0.72, 0, 0, -99, 
1950, 3, MN100, 0, 6.23, -6.36, 8.12, 1.09, 0.5, 0, 0, -99, 
1950, 4, MN100, 0, 9.52, 2.99, 13.75, 1.03, 0.52, 0, 0, -99, 
1950, 5, MN100, 0, 13.35, 11.19, 25.12, 1.35, 0.39, 0, 0, -99, 
1950, 6, MN100, 0, 10.18, 17.46, 32.67, 0.85, 0.39, 0, 0, -99, 
1950, 7, MN100, 0, 10.39, 19.77, 33.68, 0.75, 0.38, 0, 0, -99, 
1950, 8, MN100, 0, 5.89, 17.11, 31.78, 1.04, 0.59, 0, 0, -99, 
1950, 9, MN100, 0, 6.69, 15.74, 29.3, 1.29, 0.52, 0, 0, -99, 
1950, 10, MN100, 0, 7.3, 11.03, 22.96, 0.79, 0.43, 0, 0, -99, 
1950, 11, MN100, 0, 3.81, -1.24, 9.83, 0.28, 0.62, 0, 0, -99, 
1950, 12, MN100, 0, 3.4, -11.27, 1.21, 0.28, 0.59, 0, 0, -99, 
1951, 1, MN100, 0, 2.11, -13.7, 0.9, 0.11, 0.47, 0, 0, -99, 
1951, 2, MN100, 0, 5.08, -7.54, 4.85, 0.33, 0.79, 0, 0, -99, 
1951, 3, MN100, 0, 5.07, -4.53, 8.43, 0.54, 0.69, 0, 0, -99, 
1951, 4, MN100, 0, 5.59, 6.52, 18.53, 0.4, 0.51, 0, 0, -99, 
1951, 5, MN100, 0, 6.87, 14.36, 30.46, 0.98, 0.4, 0, 0, -99, 
1951, 6, MN100, 0, 11.21, 17.51, 31.07, 1.08, 0.33, 0, 0, -99, 
1951, 7, MN100, 0, 8.4, 20.41, 34.87, 1.78, 0.29, 0, 0, -99, 
1951, 8, MN100, 0, 15.6, 19.15, 30.71, 1.51, 0.43, 0, 0, -99, 
1951, 9, MN100, 0, 13.11, 14.14, 25.6, 1.18, 0.45, 0, 0, -99, 
1951, 10, MN100, 0, 9.18, 9.56, 20.43, 0.34, 0.43, 0, 0, -99, 
1951, 11, MN100, 0, 3.43, -2.02, 8.5, 0.23, 0.37, 0, 0, -99, 
1951, 12, MN100, 0, 4.11, -8.95, 2.22, 0.41, 0.64, 0, 0, -99, 
1952, 1, MN100, 0, 2.75, -12.71, 2.07, 0.41, 0.66, 0, 0, -99, 
1952, 2, MN100, 0, 1.28, -4.25, 8.35, 0.07, 0.49, 0, 0, -99, 
1952, 3, MN100, 0, 4.14, -3, 9.84, 0.36, 0.46, 0, 0, -99, 
1952, 4, MN100, 0, 3.75, 7.99, 24.96, 0.55, 0.47, 0, 0, -99, 
1952, 5, MN100, 0, 2.73, 12.39, 29.19, 0.33, 0.49, 0, 0, -99, 
1952, 6, MN100, 0, 13.56, 19.62, 33.94, 0.64, 0.38, 0, 0, -99, 
1952, 7, MN100, 0, 18.17, 21.47, 35.38, 1.26, 0.36, 0, 0, -99, 
1952, 8, MN100, 0, 12.67, 19.63, 33.38, 0.89, 0.38, 0, 0, -99, 
1952, 9, MN100, 0, 2.66, 15.88, 29.36, 0.19, 0.51, 0, 0, -99, 
1952, 10, MN100, 0, 1.73, 6.29, 20.48, 0.07, 0.42, 0, 0, -99, 
1952, 11, MN100, 0, 3.52, 3.03, 13.28, 0.4, 0.43, 0, 0, -99, 
1952, 12, MN100, 0, 1.5, -2.02, 6.99, 0.13, 0.43, 0, 0, -99, 
1953, 1, MN100, 0, 3.68, -8.96, 3.31, 0.27, 0.47, 0, 0, -99, 
1953, 2, MN100, 0, 2.19, -8.68, 5.32, 0.17, 0.42, 0, 0, -99, 
1953, 3, MN100, 0, 4.18, -0.1, 11.83, 0.2, 0.36, 0, 0, -99, 
1953, 4, MN100, 0, 5.74, 6.09, 18.12, 0.85, 0.4, 0, 0, -99, 
1953, 5, MN100, 0, 14.08, 12.25, 27.67, 1.26, 0.46, 0, 0, -99, 
1953, 6, MN100, 0, 13.46, 19.24, 33.12, 1.6, 0.44, 0, 0, -99, 
1953, 7, MN100, 0, 17, 21.06, 35.06, 1.47, 0.32, 0, 0, -99, 
1953, 8, MN100, 0, 15.97, 21.91, 35.45, 1.79, 0.43, 0, 0, -99, 
1953, 9, MN100, 0, 9.12, 15.96, 28.34, 2.05, 0.49, 0, 0, -99, 
1953, 10, MN100, 0, 2.54, 12.17, 27.04, 0.2, 0.38, 0, 0, -99, 
1953, 11, MN100, 0, 4.97, 4.52, 15.37, 0.53, 0.41, 0, 0, -99, 
1953, 12, MN100, 0, 3.72, -6.89, 5.25, 0.22, 0.77, 0, 0, -99, 
1954, 1, MN100, 0, 4.37, -14.08, -0.55, 0.43, 0.77, 0, 0, -99, 
1954, 2, MN100, 0, 3.21, -2.22, 11.51, 0.44, 0.5, 0, 0, -99, 
1954, 3, MN100, 0, 4.63, -4.15, 10.27, 0.37, 0.43, 0, 0, -99, 
1954, 4, MN100, 0, 8.42, 5.9, 19.25, 1.06, 0.46, 0, 0, -99, 
1954, 5, MN100, 0, 10.79, 11.16, 23.6, 1.04, 0.39, 0, 0, -99, 
1954, 6, MN100, 0, 7.92, 19.65, 33.32, 1.98, 0.29, 0, 0, -99, 
1954, 7, MN100, 0, 7.83, 21.01, 35.61, 1.72, 0.28, 0, 0, -99, 
1954, 8, MN100, 0, 5.79, 19.49, 33.81, 0.52, 0.41, 0, 0, -99, 
1954, 9, MN100, 0, 10.19, 16.16, 26.9, 1.46, 0.39, 0, 0, -99, 
1954, 10, MN100, 0, 4.31, 9.66, 20.76, 0.28, 0.34, 0, 0, -99, 
1954, 11, MN100, 0, 3.34, 4.77, 14.01, 0.43, 0.42, 0, 0, -99, 
1954, 12, MN100, 0, 1.37, -2.78, 6.47, 0.07, 0.42, 0, 0, -99, 
1955, 1, MN100, 0, 2.86, -10.33, 2.23, 0.23, 0.55, 0, 0, -99, 
1955, 2, MN100, 0, 4.43, -11.42, 3.78, 0.27, 0.67, 0, 0, -99, 
1955, 3, MN100, 0, 4.11, -8.27, 8.98, 0.37, 0.75, 0, 0, -99, 
1955, 4, MN100, 0, 3.59, 10.62, 24.65, 0.41, 0.5, 0, 0, -99, 
1955, 5, MN100, 0, 10.24, 14.8, 30.6, 0.49, 0.45, 0, 0, -99, 
1955, 6, MN100, 0, 9.36, 19.99, 33.49, 0.66, 0.31, 0, 0, -99, 
1955, 7, MN100, 0, 23.97, 24, 37.25, 3.23, 0.43, 0, 0, -99, 
1955, 8, MN100, 0, 7.03, 23.01, 36.25, 1.45, 0.48, 0, 0, -99, 
1955, 9, MN100, 0, 11.44, 15.66, 28.4, 1.58, 0.36, 0, 0, -99, 
1955, 10, MN100, 0, 5.26, 10.41, 23.33, 0.61, 0.37, 0, 0, -99, 
1955, 11, MN100, 0, 5.41, -2.08, 7.98, 0.4, 0.39, 0, 0, -99, 
1955, 12, MN100, 0, 3.24, -11.32, 1.22, 0.15, 0.73, 0, 0, -99, 
1956, 1, MN100, 0, 3.16, -8.97, 4.1, 0.31, 0.51, 0, 0, -99, 
1956, 2, MN100, 0, 1.8, -11.82, 4.89, 0.13, 0.6, 0, 0, -99, 
1956, 3, MN100, 0, 2.88, -5.01, 9.71, 0.3, 0.57, 0, 0, -99, 
1956, 4, MN100, 0, 5.67, 4.98, 17.84, 0.32, 0.47, 0, 0, -99, 
1956, 5, MN100, 0, 6.54, 11.84, 26.77, 0.86, 0.38, 0, 0, -99, 
1956, 6, MN100, 0, 3.59, 19.99, 34.93, 0.39, 0.43, 0, 0, -99, 
1956, 7, MN100, 0, 6.91, 19.37, 33.26, 1.17, 0.32, 0, 0, -99, 
1956, 8, MN100, 0, 12.97, 19.67, 33.59, 0.7, 0.51, 0, 0, -99, 
1956, 9, MN100, 0, 5.8, 13.41, 27.31, 1.09, 0.39, 0, 0, -99, 
1956, 10, MN100, 0, 5.84, 12.26, 26.63, 0.44, 0.44, 0, 0, -99, 
1956, 11, MN100, 0, 4.13, 2.92, 12.32, 0.4, 0.43, 0, 0, -99, 
1956, 12, MN100, 0, 3.82, -7.22, 5.53, 0.25, 0.47, 0, 0, -99, 
1957, 1, MN100, 0, 1.66, -16.04, -1.78, 0.35, 0.65, 0, 0, -99, 
1957, 2, MN100, 0, 3.44, -10.15, 4.84, 0.24, 0.55, 0, 0, -99, 
1957, 3, MN100, 0, 3.96, -4.43, 11.69, 0.29, 0.4, 0, 0, -99, 
1957, 4, MN100, 0, 7.59, 6.64, 20.58, 0.36, 0.55, 0, 0, -99, 
1957, 5, MN100, 0, 7.46, 12.49, 28.25, 0.74, 0.4, 0, 0, -99, 
1957, 6, MN100, 0, 15.6, 17.93, 31.63, 1.12, 0.34, 0, 0, -99, 
1957, 7, MN100, 0, 15.77, 22.75, 36.85, 0.98, 0.45, 0, 0, -99, 
1957, 8, MN100, 0, 5.67, 20.33, 34.29, 0.49, 0.42, 0, 0, -99, 
1957, 9, MN100, 0, 9.47, 14.43, 27.86, 0.6, 0.33, 0, 0, -99, 
1957, 10, MN100, 0, 4.39, 9.92, 22.27, 0.21, 0.24, 0, 0, -99, 
1957, 11, MN100, 0, 4.75, 3.33, 11.43, 0.63, 0.43, 0, 0, -99, 
1957, 12, MN100, 0, 1.81, -4.94, 6.4, 0.15, 0.44, 0, 0, -99, 
1958, 1, MN100, 0, 2.76, -6, 5.31, 0.18, 0.41, 0, 0, -99, 
1958, 2, MN100, 0, 1.39, -10.38, 4.79, 0.15, 0.46, 0, 0, -99, 
1958, 3, MN100, 0, 2.29, 1.06, 13.68, 0.27, 0.32, 0, 0, -99, 
1958, 4, MN100, 0, 2.75, 7.87, 23.25, 0.48, 0.28, 0, 0, -99, 
1958, 5, MN100, 0, 5.83, 11.95, 29.53, 0.69, 0.38, 0, 0, -99, 
1958, 6, MN100, 0, 12.31, 15.18, 30.21, 0.76, 0.33, 0, 0, -99, 
1958, 7, MN100, 0, 15.88, 20.33, 34.23, 2.59, 0.29, 0, 0, -99, 
1958, 8, MN100, 0, 10.43, 19.68, 34.53, 0.74, 0.41, 0, 0, -99, 
1958, 9, MN100, 0, 10.49, 16.92, 28.64, 1.63, 0.32, 0, 0, -99, 
1958, 10, MN100, 0, 3.33, 10.86, 23.48, 0.27, 0.32, 0, 0, -99, 
1958, 11, MN100, 0, 6.41, 2.44, 13.04, 0.38, 0.36, 0, 0, -99, 
1958, 12, MN100, 0, 3.04, -12.58, 0.31, 0.22, 0.6, 0, 0, -99, 
1959, 1, MN100, 0, 1.86, -15.48, -1.34, 0.12, 0.54, 0, 0, -99, 
1959, 2, MN100, 0, 1.65, -11.49, 4.49, 0.08, 0.64, 0, 0, -99, 
1959, 3, MN100, 0, 1.39, -0.99, 13.32, 0.11, 0.39, 0, 0, -99, 
1959, 4, MN100, 0, 2.74, 6.43, 20.78, 0.3, 0.42, 0, 0, -99, 
1959, 5, MN100, 0, 12.52, 14.27, 28.38, 0.72, 0.27, 0, 0, -99, 
1959, 6, MN100, 0, 10.09, 19.46, 33.98, 0.71, 0.25, 0, 0, -99, 
1959, 7, MN100, 0, 10.31, 21.5, 36.39, 1.4, 0.32, 0, 0, -99, 
1959, 8, MN100, 0, 12.93, 22.43, 35.57, 1.61, 0.34, 0, 0, -99, 
1959, 9, MN100, 0, 10.55, 16.42, 28.61, 0.7, 0.28, 0, 0, -99, 
1959, 10, MN100, 0, 5.69, 9.67, 18.4, 0.28, 0.32, 0, 0, -99, 
1959, 11, MN100, 0, 3.08, -3.61, 7.36, 0.52, 0.57, 0, 0, -99, 
1959, 12, MN100, 0, 2.6, -1.28, 9.38, 0.31, 0.44, 0, 0, -99, 
1960, 1, MN100, 0, 2.84, -9.79, 3.21, 0.22, 0.52, 0, 0, -99, 
1960, 2, MN100, 0, 1.36, -8.81, 5.94, 0.05, 0.59, 0, 0, -99, 
1960, 3, MN100, 0, 1.62, -6.2, 8.15, 0.23, 0.64, 0, 0, -99, 
1960, 4, MN100, 0, 9.66, 7.43, 20.05, 1.15, 0.37, 0, 0, -99, 
1960, 5, MN100, 0, 11.09, 13.13, 28.35, 1.81, 0.43, 0, 0, -99, 
1960, 6, MN100, 0, 7.95, 17.46, 32.37, 0.71, 0.33, 0, 0, -99, 
1960, 7, MN100, 0, 10.56, 20.66, 36.49, 1.07, 0.38, 0, 0, -99, 
1960, 8, MN100, 0, 7.94, 22.21, 35.65, 1.43, 0.35, 0, 0, -99, 
1960, 9, MN100, 0, 7.43, 16.38, 29.64, 1.94, 0.38, 0, 0, -99, 
1960, 10, MN100, 0, 4.8, 10.21, 23.23, 0.91, 0.44, 0, 0, -99, 
1960, 11, MN100, 0, 4.24, 4.11, 13.09, 0.49, 0.41, 0, 0, -99, 
1960, 12, MN100, 0, 2.9, -8.51, 3.59, 0.46, 0.74, 0, 0, -99, 
1961, 1, MN100, 0, 1.59, -12.31, 1.85, 0.19, 0.72, 0, 0, -99, 
1961, 2, MN100, 0, 2.12, -4.17, 10.01, 0.19, 0.59, 0, 0, -99, 
1961, 3, MN100, 0, 3.47, 3.46, 15.31, 0.86, 0.42, 0, 0, -99, 
1961, 4, MN100, 0, 10.04, 5.58, 17.82, 1.04, 0.47, 0, 0, -99, 
1961, 5, MN100, 0, 7.87, 11.43, 28.43, 0.41, 0.36, 0, 0, -99, 
1961, 6, MN100, 0, 3.63, 18.25, 35.98, 0.37, 0.46, 0, 0, -99, 
1961, 7, MN100, 0, 11.11, 21.13, 36.01, 3.06, 0.43, 0, 0, -99, 
1961, 8, MN100, 0, 4.79, 20.91, 37.41, 1.49, 0.48, 0, 0, -99, 
1961, 9, MN100, 0, 13.84, 16.24, 28.71, 1.84, 0.53, 0, 0, -99, 
1961, 10, MN100, 0, 4.92, 10.96, 23.76, 0.56, 0.54, 0, 0, -99, 
1961, 11, MN100, 0, 3.21, 2.74, 12.31, 0.3, 0.45, 0, 0, -99, 
1961, 12, MN100, 0, 3.24, -6.13, 3.55, 0.2, 0.54, 0, 0, -99, 
1962, 1, MN100, 0, 2.62, -13.83, -0.41, 0.3, 0.73, 0, 0, -99, 
1962, 2, MN100, 0, 3.68, -10.51, 2.61, 0.2, 1.09, 0, 0, -99, 
1962, 3, MN100, 0, 1.66, 1.2, 12.07, 0.21, 0.45, 0, 0, -99, 
1962, 4, MN100, 0, 6.71, 5.34, 19.32, 0.39, 0.44, 0, 0, -99, 
1962, 5, MN100, 0, 13.39, 14.67, 28.56, 1.53, 0.33, 0, 0, -99, 
1962, 6, MN100, 0, 8.34, 17.87, 32.84, 1.08, 0.39, 0, 0, -99, 
1962, 7, MN100, 0, 12.68, 19.55, 33.53, 2.51, 0.43, 0, 0, -99, 
1962, 8, MN100, 0, 9.92, 19.89, 34.77, 0.73, 0.35, 0, 0, -99, 
1962, 9, MN100, 0, 8.32, 14.99, 28.07, 0.95, 0.41, 0, 0, -99, 
1962, 10, MN100, 0, 2.17, 11.06, 24.24, 0.24, 0.53, 0, 0, -99, 
1962, 11, MN100, 0, 1.68, 5.46, 14.62, 0.14, 0.36, 0, 0, -99, 
1962, 12, MN100, 0, 2.75, -6.42, 5.65, 0.42, 0.62, 0, 0, -99, 
1963, 1, MN100, 0, 1.33, -15.01, -3.15, 0.06, 0.64, 0, 0, -99, 
1963, 2, MN100, 0, 2.2, -12.07, 2.64, 0.22, 0.84, 0, 0, -99, 
1963, 3, MN100, 0, 4.75, -0.02, 14.62, 0.67, 0.57, 0, 0, -99, 
1963, 4, MN100, 0, 6.84, 7.53, 22.88, 0.96, 0.34, 0, 0, -99, 
1963, 5, MN100, 0, 9.65, 12.34, 27.16, 0.85, 0.52, 0, 0, -99, 
1963, 6, MN100, 0, 10.77, 19.75, 34.64, 1.46, 0.3, 0, 0, -99, 
1963, 7, MN100, 0, 11.57, 22.4, 36.76, 1.11, 0.34, 0, 0, -99, 
1963, 8, MN100, 0, 10.23, 19.37, 34.48, 1.05, 0.39, 0, 0, -99, 
1963, 9, MN100, 0, 6.65, 16.98, 30.55, 1.65, 0.3, 0, 0, -99, 
1963, 10, MN100, 0, 3.31, 14.34, 29.59, 0.6, 0.38, 0, 0, -99, 
1963, 11, MN100, 0, 4.46, 5.03, 15.67, 0.16, 0.62, 0, 0, -99, 
1963, 12, MN100, 0, 2.54, -10.19, 1.2, 0.23, 0.86, 0, 0, -99, 
1964, 1, MN100, 0, 2.37, -6.79, 6.57, 0.23, 0.88, 0, 0, -99, 
1964, 2, MN100, 0, 1.75, -8.59, 8.1, 0.15, 1.04, 0, 0, -99, 
1964, 3, MN100, 0, 2.72, -4.78, 10.07, 0.26, 0.81, 0, 0, -99, 
1964, 4, MN100, 0, 8.68, 6.87, 21.68, 0.43, 0.52, 0, 0, -99, 
1964, 5, MN100, 0, 11.28, 15.31, 30.71, 1.45, 0.38, 0, 0, -99, 
1964, 6, MN100, 0, 14.89, 17.98, 32.6, 1.35, 0.4, 0, 0, -99, 
1964, 7, MN100, 0, 4.71, 21.47, 37.69, 1.37, 0.53, 0, 0, -99, 
1964, 8, MN100, 0, 13.48, 18.74, 31.8, 1.99, 0.36, 0, 0, -99, 
1964, 9, MN100, 0, 11.41, 14.9, 27.54, 2.23, 0.49, 0, 0, -99, 
1964, 10, MN100, 0, 2.5, 9.45, 22.51, 0.46, 0.47, 0, 0, -99, 
1964, 11, MN100, 0, 3.8, 3.12, 13.3, 0.56, 0.66, 0, 0, -99, 
1964, 12, MN100, 0, 4.58, -10.96, 1.67, 0.77, 0.8, 0, 0, -99, 
1965, 1, MN100, 0, 2.28, -14.98, 0.82, 0.37, 0.76, 0, 0, -99, 
1965, 2, MN100, 0, 2.67, -13.97, 2.23, 0.56, 0.6, 0, 0, -99, 
1965, 3, MN100, 0, 6.85, -8.07, 7.46, 1.2, 0.76, 0, 0, -99, 
1965, 4, MN100, 0, 5.03, 7.54, 19.13, 0.55, 0.43, 0, 0, -99, 
1965, 5, MN100, 0, 10.99, 14.24, 28.47, 0.64, 0.49, 0, 0, -99, 
1965, 6, MN100, 0, 11.55, 17.16, 32.02, 1.38, 0.47, 0, 0, -99, 
1965, 7, MN100, 0, 8.5, 20.1, 33.98, 1.2, 0.35, 0, 0, -99, 
1965, 8, MN100, 0, 8.41, 18.85, 33.62, 1.6, 0.42, 0, 0, -99, 
1965, 9, MN100, 0, 17.66, 13.15, 23.43, 1.51, 0.4, 0, 0, -99, 
1965, 10, MN100, 0, 7.61, 11.05, 22.91, 0.85, 0.46, 0, 0, -99, 
1965, 11, MN100, 0, 8.84, 1.65, 11.95, 0.95, 0.63, 0, 0, -99, 
1965, 12, MN100, 0, 5.09, -1.19, 7.62, 0.26, 0.5, 0, 0, -99, 
1966, 1, MN100, 0, 2.98, -17.16, -3.25, 0.58, 1.02, 0, 0, -99, 
1966, 2, MN100, 0, 2.84, -10.19, 4.65, 0.09, 1.15, 0, 0, -99, 
1966, 3, MN100, 0, 6.91, 1.39, 13.81, 0.82, 0.45, 0, 0, -99, 
1966, 4, MN100, 0, 7.61, 6.54, 16.9, 0.68, 0.4, 0, 0, -99, 
1966, 5, MN100, 0, 4.9, 10.99, 25.94, 0.61, 0.44, 0, 0, -99, 
1966, 6, MN100, 0, 9.41, 19.09, 33.97, 2.11, 0.34, 0, 0, -99, 
1966, 7, MN100, 0, 8.39, 22.89, 37.65, 1.46, 0.39, 0, 0, -99, 
1966, 8, MN100, 0, 17.82, 19.98, 33.15, 1.5, 0.35, 0, 0, -99, 
1966, 9, MN100, 0, 3.33, 14.84, 29.51, 0.21, 0.39, 0, 0, -99, 
1966, 10, MN100, 0, 7.59, 9.19, 22.19, 0.65, 0.36, 0, 0, -99, 
1966, 11, MN100, 0, 2.84, 0.4, 10.53, 0.3, 0.65, 0, 0, -99, 
1966, 12, MN100, 0, 3.35, -7.17, 4.11, 0.42, 0.43, 0, 0, -99, 
1967, 1, MN100, 0, 4.68, -9.72, 3.08, 0.53, 0.67, 0, 0, -99, 
1967, 2, MN100, 0, 1.86, -15.37, 1.9, 0.25, 0.63, 0, 0, -99, 
1967, 3, MN100, 0, 3.47, -1.32, 12.46, 0.48, 0.49, 0, 0, -99, 
1967, 4, MN100, 0, 8.4, 6.53, 19.48, 0.47, 0.41, 0, 0, -99, 
1967, 5, MN100, 0, 4.23, 9.66, 25.25, 0.6, 0.48, 0, 0, -99, 
1967, 6, MN100, 0, 13.47, 18.59, 32.18, 1.47, 0.31, 0, 0, -99, 
1967, 7, MN100, 0, 7.93, 19.97, 34.94, 0.94, 0.39, 0, 0, -99, 
1967, 8, MN100, 0, 6.42, 18.39, 33.77, 0.66, 0.45, 0, 0, -99, 
1967, 9, MN100, 0, 4, 14.37, 30.92, 0.28, 0.68, 0, 0, -99, 
1967, 10, MN100, 0, 4.17, 9.38, 20.98, 0.55, 0.4, 0, 0, -99, 
1967, 11, MN100, 0, 2.15, 1.31, 10.77, 0.29, 0.51, 0, 0, -99, 
1967, 12, MN100, 0, 3.36, -5.35, 5.51, 0.25, 0.63, 0, 0, -99, 
1968, 1, MN100, 0, 2.55, -10.53, 2.71, 0.17, 0.57, 0, 0, -99, 
1968, 2, MN100, 0, 1.19, -10.87, 4.43, 0.08, 0.67, 0, 0, -99, 
1968, 3, MN100, 0, 5.18, 2.19, 16.74, 0.34, 0.53, 0, 0, -99, 
1968, 4, MN100, 0, 10.65, 7.97, 21.53, 2, 0.5, 0, 0, -99, 
1968, 5, MN100, 0, 7.49, 12.89, 25.87, 1.52, 0.27, 0, 0, -99, 
1968, 6, MN100, 0, 16.18, 18.21, 31.98, 0.77, 0.29, 0, 0, -99, 
1968, 7, MN100, 0, 9.13, 21.19, 34.46, 1.37, 0.36, 0, 0, -99, 
1968, 8, MN100, 0, 11.12, 20.02, 33.42, 3.04, 0.5, 0, 0, -99, 
1968, 9, MN100, 0, 10.76, 16.9, 29.12, 1.58, 0.41, 0, 0, -99, 
1968, 10, MN100, 0, 12.38, 12.27, 23.06, 1.93, 0.34, 0, 0, -99, 
1968, 11, MN100, 0, 2.22, 3.82, 12.01, 0.67, 0.35, 0, 0, -99, 
1968, 12, MN100, 0, 6.09, -7.09, 2.76, 0.72, 0.6, 0, 0, -99, 
1969, 1, MN100, 0, 8.08, -10.83, 0.36, 1, 0.61, 0, 0, -99, 
1969, 2, MN100, 0, 1.6, -7.28, 6.22, 0.18, 0.36, 0, 0, -99, 
1969, 3, MN100, 0, 1.43, -4.15, 11.03, 0.12, 0.45, 0, 0, -99, 
1969, 4, MN100, 0, 5.3, 8.55, 22.32, 0.79, 0.36, 0, 0, -99, 
1969, 5, MN100, 0, 9.93, 13.41, 28.38, 1.06, 0.36, 0, 0, -99, 
1969, 6, MN100, 0, 7.5, 15.28, 28.95, 0.94, 0.47, 0, 0, -99, 
1969, 7, MN100, 0, 11.59, 20.59, 35.08, 1.99, 0.38, 0, 0, -99, 
1969, 8, MN100, 0, 9.32, 21.34, 37.11, 1.65, 0.49, 0, 0, -99, 
1969, 9, MN100, 0, 11.41, 16.66, 29.09, 1.08, 0.46, 0, 0, -99, 
1969, 10, MN100, 0, 7.07, 9.18, 18.73, 2.3, 0.45, 0, 0, -99, 
1969, 11, MN100, 0, 3.58, 2.63, 12.52, 0.4, 0.51, 0, 0, -99, 
1969, 12, MN100, 0, 4.81, -3.15, 5.85, 0.66, 0.44, 0, 0, -99, 
1970, 1, MN100, 0, 2.1, -13.52, -0.76, 0.27, 0.6, 0, 0, -99, 
1970, 2, MN100, 0, 1.61, -10.47, 4.95, 0.19, 0.54, 0, 0, -99, 
1970, 3, MN100, 0, 3.24, -5.78, 10.57, 0.36, 0.62, 0, 0, -99, 
1970, 4, MN100, 0, 7.31, 7.23, 19.08, 0.88, 0.27, 0, 0, -99, 
1970, 5, MN100, 0, 7.8, 12.89, 25.37, 0.85, 0.44, 0, 0, -99, 
1970, 6, MN100, 0, 7.29, 19.9, 34.51, 2.01, 0.49, 0, 0, -99, 
1970, 7, MN100, 0, 7.54, 22.33, 37.86, 1.1, 0.48, 0, 0, -99, 
1970, 8, MN100, 0, 3.1, 20.18, 36.14, 0.39, 0.53, 0, 0, -99, 
1970, 9, MN100, 0, 6.48, 16.39, 29.27, 0.68, 0.39, 0, 0, -99, 
1970, 10, MN100, 0, 16.39, 11.58, 21.98, 1.48, 0.42, 0, 0, -99, 
1970, 11, MN100, 0, 6.83, 2.16, 10.91, 1.65, 0.42, 0, 0, -99, 
1970, 12, MN100, 0, 4.43, -8.53, 3.21, 0.42, 0.8, 0, 0, -99, 
1971, 1, MN100, 0, 2.99, -15.43, -2.62, 0.19, 0.6, 0, 0, -99, 
1971, 2, MN100, 0, 5.17, -8.47, 5.62, 0.66, 0.6, 0, 0, -99, 
1971, 3, MN100, 0, 4.28, -3.2, 10.62, 0.75, 0.59, 0, 0, -99, 
1971, 4, MN100, 0, 3.53, 6.88, 21.13, 0.42, 0.44, 0, 0, -99, 
1971, 5, MN100, 0, 8.21, 11.21, 27.55, 0.41, 0.37, 0, 0, -99, 
1971, 6, MN100, 0, 13.85, 20.22, 35.01, 0.87, 0.34, 0, 0, -99, 
1971, 7, MN100, 0, 8.77, 19.48, 33.54, 1.16, 0.35, 0, 0, -99, 
1971, 8, MN100, 0, 8.13, 18.7, 34.38, 2.25, 0.45, 0, 0, -99, 
1971, 9, MN100, 0, 9.36, 16.84, 29.95, 1.78, 0.39, 0, 0, -99, 
1971, 10, MN100, 0, 17.38, 12.99, 23.65, 0.7, 0.41, 0, 0, -99, 
1971, 11, MN100, 0, 5.96, 2.75, 11.22, 0.99, 0.53, 0, 0, -99, 
1971, 12, MN100, 0, 2.77, -6.8, 4.35, 0.25, 0.59, 0, 0, -99, 
1972, 1, MN100, 0, 3.59, -16.08, -1.7, 0.5, 0.57, 0, 0, -99, 
1972, 2, MN100, 0, 2.53, -12.03, 1.97, 0.26, 0.51, 0, 0, -99, 
1972, 3, MN100, 0, 3.76, -3.53, 9.51, 0.4, 0.42, 0, 0, -99, 
1972, 4, MN100, 0, 5.24, 5.79, 18.07, 0.79, 0.29, 0, 0, -99, 
1972, 5, MN100, 0, 6.77, 15.72, 31.24, 0.88, 0.28, 0, 0, -99, 
1972, 6, MN100, 0, 8.33, 17.92, 34.07, 0.75, 0.37, 0, 0, -99, 
1972, 7, MN100, 0, 16.75, 20.63, 33.59, 2.05, 0.32, 0, 0, -99, 
1972, 8, MN100, 0, 13.96, 20.75, 34.26, 1.83, 0.33, 0, 0, -99, 
1972, 9, MN100, 0, 10.77, 14.1, 27.23, 0.75, 0.49, 0, 0, -99, 
1972, 10, MN100, 0, 4.47, 9.16, 19.71, 0.22, 0.39, 0, 0, -99, 
1972, 11, MN100, 0, 3.1, 3.29, 9.92, 1.03, 0.41, 0, 0, -99, 
1972, 12, MN100, 0, 3.71, -9.8, 0.41, 0.41, 0.77, 0, 0, -99, 
1973, 1, MN100, 0, 2.19, -8.26, 4.97, 0.36, 0.49, 0, 0, -99, 
1973, 2, MN100, 0, 1.2, -6.97, 6.49, 0.08, 0.52, 0, 0, -99, 
1973, 3, MN100, 0, 3.14, 5.74, 16.65, 0.38, 0.37, 0, 0, -99, 
1973, 4, MN100, 0, 4.43, 7.29, 20.77, 0.36, 0.42, 0, 0, -99, 
1973, 5, MN100, 0, 9.61, 13.24, 27.29, 1.23, 0.35, 0, 0, -99, 
1973, 6, MN100, 0, 10.86, 19.22, 33.37, 1.16, 0.36, 0, 0, -99, 
1973, 7, MN100, 0, 12.25, 21.81, 35.24, 1.1, 0.27, 0, 0, -99, 
1973, 8, MN100, 0, 11.35, 23.01, 35.44, 1.28, 0.34, 0, 0, -99, 
1973, 9, MN100, 0, 10.42, 15.38, 28.26, 0.97, 0.41, 0, 0, -99, 
1973, 10, MN100, 0, 11.83, 13.22, 24.56, 1.71, 0.32, 0, 0, -99, 
1973, 11, MN100, 0, 3.5, 3.1, 11.41, 0.29, 0.43, 0, 0, -99, 
1973, 12, MN100, 0, 2.68, -6.46, 3.43, 0.21, 0.51, 0, 0, -99, 
1974, 1, MN100, 0, 2.35, -11.6, 0.92, 0.3, 0.6, 0, 0, -99, 
1974, 2, MN100, 0, 1.99, -10.19, 5.82, 0.25, 0.36, 0, 0, -99, 
1974, 3, MN100, 0, 3.27, -2.22, 9.83, 0.46, 0.71, 0, 0, -99, 
1974, 4, MN100, 0, 6.76, 7.32, 21.04, 0.57, 0.27, 0, 0, -99, 
1974, 5, MN100, 0, 11.36, 12.29, 24.9, 0.82, 0.29, 0, 0, -99, 
1974, 6, MN100, 0, 8.09, 17.91, 33.44, 1.2, 0.46, 0, 0, -99, 
1974, 7, MN100, 0, 11.79, 23.46, 37.67, 1.79, 0.35, 0, 0, -99, 
1974, 8, MN100, 0, 11.37, 19.89, 32.54, 2.14, 0.33, 0, 0, -99, 
1974, 9, MN100, 0, 3.21, 13.04, 26.32, 0.78, 0.45, 0, 0, -99, 
1974, 10, MN100, 0, 5.82, 10.47, 22.77, 1.22, 0.39, 0, 0, -99, 
1974, 11, MN100, 0, 5.79, 4.12, 12.47, 0.39, 0.52, 0, 0, -99, 
1974, 12, MN100, 0, 3.01, -2.12, 7.85, 0.32, 0.54, 0, 0, -99, 
1975, 1, MN100, 0, 8.38, -9.5, 3.01, 0.71, 0.4, 0, 0, -99, 
1975, 2, MN100, 0, 2.24, -8.19, 5.14, 0.29, 0.74, 0, 0, -99, 
1975, 3, MN100, 0, 5.13, -4.67, 9.17, 0.33, 0.44, 0, 0, -99, 
1975, 4, MN100, 0, 5.71, 5.38, 16.44, 0.53, 0.24, 0, 0, -99, 
1975, 5, MN100, 0, 6.31, 14.92, 30.91, 0.41, 0.33, 0, 0, -99, 
1975, 6, MN100, 0, 14.51, 19.43, 32.37, 0.71, 0.3, 0, 0, -99, 
1975, 7, MN100, 0, 10.6, 23.99, 37.78, 1.12, 0.29, 0, 0, -99, 
1975, 8, MN100, 0, 7.89, 20.4, 34.07, 0.92, 0.38, 0, 0, -99, 
1975, 9, MN100, 0, 8.9, 14.76, 27.03, 0.6, 0.39, 0, 0, -99, 
1975, 10, MN100, 0, 4.88, 11.53, 24.19, 0.61, 0.43, 0, 0, -99, 
1975, 11, MN100, 0, 5.91, 2.85, 14.77, 0.85, 0.43, 0, 0, -99, 
1975, 12, MN100, 0, 2.5, -7.68, 3.71, 0.23, 0.55, 0, 0, -99, 
1976, 1, MN100, 0, 3.26, -12.23, 1.04, 0.28, 0.5, 0, 0, -99, 
1976, 2, MN100, 0, 2, -3.47, 10.18, 0.15, 0.55, 0, 0, -99, 
1976, 3, MN100, 0, 5.62, -2.06, 11.13, 0.65, 0.57, 0, 0, -99, 
1976, 4, MN100, 0, 2.56, 8.96, 24.96, 0.28, 0.38, 0, 0, -99, 
1976, 5, MN100, 0, 2.2, 11.86, 29.92, 0.33, 0.45, 0, 0, -99, 
1976, 6, MN100, 0, 18.72, 19.81, 35.66, 2, 0.36, 0, 0, -99, 
1976, 7, MN100, 0, 8.04, 21.03, 37.26, 1.2, 0.44, 0, 0, -99, 
1976, 8, MN100, 0, 4.18, 20.25, 37.02, 0.7, 0.43, 0, 0, -99, 
1976, 9, MN100, 0, 2.95, 13.93, 31.41, 0.19, 0.61, 0, 0, -99, 
1976, 10, MN100, 0, 2.56, 5.83, 19.49, 0.46, 0.43, 0, 0, -99, 
1976, 11, MN100, 0, 1.45, -1.94, 9.31, 0.11, 0.38, 0, 0, -99, 
1976, 12, MN100, 0, 2.45, -13.19, 0.26, 0.29, 0.41, 0, 0, -99, 
1977, 1, MN100, 0, 2.4, -15.82, -3.22, 0.39, 0.43, 0, 0, -99, 
1977, 2, MN100, 0, 2.44, -5.41, 7.12, 0.68, 0.39, 0, 0, -99, 
1977, 3, MN100, 0, 5.48, 4.02, 15.84, 1.44, 0.3, 0, 0, -99, 
1977, 4, MN100, 0, 4.45, 9.78, 25.41, 0.37, 0.36, 0, 0, -99, 
1977, 5, MN100, 0, 10.91, 17.69, 34.43, 1.05, 0.62, 0, 0, -99, 
1977, 6, MN100, 0, 11.53, 19.41, 33.82, 0.98, 0.57, 0, 0, -99, 
1977, 7, MN100, 0, 9.63, 22.48, 36.73, 1.08, 0.63, 0, 0, -99, 
1977, 8, MN100, 0, 14.75, 17.97, 31.51, 3.14, 0.42, 0, 0, -99, 
1977, 9, MN100, 0, 14.85, 16.73, 27.37, 1.48, 0.51, 0, 0, -99, 
1977, 10, MN100, 0, 6.54, 10.51, 22.84, 0.68, 0.36, 0, 0, -99, 
1977, 11, MN100, 0, 8.83, 1.85, 11.71, 0.88, 0.54, 0, 0, -99, 
1977, 12, MN100, 0, 4.01, -7.16, 1.81, 0.26, 0.84, 0, 0, -99, 
1978, 1, MN100, 0, 2.25, -12.85, -0.6, 0.2, 0.57, 0, 0, -99, 
1978, 2, MN100, 0, 2.08, -11.39, 3.6, 0.24, 0.47, 0, 0, -99, 
1978, 3, MN100, 0, 2.52, -2.59, 12.88, 0.22, 0.58, 0, 0, -99, 
1978, 4, MN100, 0, 4.91, 7.18, 20.66, 0.76, 0.38, 0, 0, -99, 
1978, 5, MN100, 0, 9.98, 14.93, 31.21, 1.11, 0.44, 0, 0, -99, 
1978, 6, MN100, 0, 8.51, 18.36, 33.52, 1.41, 0.35, 0, 0, -99, 
1978, 7, MN100, 0, 17.98, 21.83, 34.5, 1.65, 0.33, 0, 0, -99, 
1978, 8, MN100, 0, 16.5, 21.17, 34.42, 2.76, 0.51, 0, 0, -99, 
1978, 9, MN100, 0, 8.48, 18.41, 30.54, 1.81, 0.43, 0, 0, -99, 
1978, 10, MN100, 0, 2.5, 10.54, 23.07, 0.56, 0.49, 0, 0, -99, 
1978, 11, MN100, 0, 4.06, -0.32, 11.47, 0.44, 0.65, 0, 0, -99, 
1978, 12, MN100, 0, 3.13, -11.34, 2.27, 0.34, 0.74, 0, 0, -99, 
1979, 1, MN100, 0, 2.45, -16.68, -3.03, 0.3, 0.61, 0, 0, -99, 
1979, 2, MN100, 0, 4.9, -12.71, 1.11, 0.41, 0.67, 0, 0, -99, 
1979, 3, MN100, 0, 8.36, -0.54, 10.61, 0.84, 0.58, 0, 0, -99, 
1979, 4, MN100, 0, 4.72, 5.33, 17.77, 0.91, 0.37, 0, 0, -99, 
1979, 5, MN100, 0, 9.24, 11.53, 24.93, 1.85, 0.46, 0, 0, -99, 
1979, 6, MN100, 0, 11.34, 16.92, 32.82, 1.26, 0.32, 0, 0, -99, 
1979, 7, MN100, 0, 12.86, 21.84, 35.97, 1.66, 0.41, 0, 0, -99, 
1979, 8, MN100, 0, 6.81, 19.45, 32.72, 0.96, 0.47, 0, 0, -99, 
1979, 9, MN100, 0, 6.55, 16.83, 29.69, 1.6, 0.45, 0, 0, -99, 
1979, 10, MN100, 0, 9.01, 9.17, 20.12, 1.56, 0.58, 0, 0, -99, 
1979, 11, MN100, 0, 3.09, 2.16, 11.02, 0.38, 0.37, 0, 0, -99, 
1979, 12, MN100, 0, 1.6, -2.76, 8.27, 0.16, 0.56, 0, 0, -99, 
1980, 1, MN100, 0, 4.03, -10.53, 2.11, 0.25, 0.72, 0, 0, -99, 
1980, 2, MN100, 0, 2.28, -8.77, 4.12, 0.23, 0.64, 0, 0, -99, 
1980, 3, MN100, 0, 3.3, -4.75, 10.74, 0.27, 0.49, 0, 0, -99, 
1980, 4, MN100, 0, 2.52, 8.46, 24.03, 0.43, 0.42, 0, 0, -99, 
1980, 5, MN100, 0, 2.89, 14.68, 32.7, 0.56, 0.28, 0, 0, -99, 
1980, 6, MN100, 0, 10.27, 18.52, 33.63, 1.86, 0.56, 0, 0, -99, 
1980, 7, MN100, 0, 7.74, 22.11, 37.24, 1.4, 0.52, 0, 0, -99, 
1980, 8, MN100, 0, 14.91, 21.6, 33.93, 1.38, 0.37, 0, 0, -99, 
1980, 9, MN100, 0, 10.58, 15.45, 27.55, 1.25, 0.35, 0, 0, -99, 
1980, 10, MN100, 0, 4.3, 8.19, 19.01, 0.66, 0.52, 0, 0, -99, 
1980, 11, MN100, 0, 3.22, 3.31, 13.06, 0.19, 0.43, 0, 0, -99, 
1980, 12, MN100, 0, 2.53, -8.33, 3.18, 0.21, 0.52, 0, 0, -99, 
1981, 1, MN100, 0, 1.69, -9.35, 4.84, 0.17, 0.56, 0, 0, -99, 
1981, 2, MN100, 0, 3.79, -5.03, 7.39, 0.72, 0.54, 0, 0, -99, 
1981, 3, MN100, 0, 2.99, 1.7, 15.57, 0.53, 0.51, 0, 0, -99, 
1981, 4, MN100, 0, 11.59, 8.3, 21.53, 2.15, 0.42, 0, 0, -99, 
1981, 5, MN100, 0, 4.2, 12.39, 28.87, 0.47, 0.42, 0, 0, -99, 
1981, 6, MN100, 0, 16.08, 18.77, 32.07, 0.6, 0.32, 0, 0, -99, 
1981, 7, MN100, 0, 8.48, 21.39, 35.59, 0.97, 0.34, 0, 0, -99, 
1981, 8, MN100, 0, 9.28, 21.51, 34.66, 1.77, 0.41, 0, 0, -99, 
1981, 9, MN100, 0, 7.54, 14.95, 28.37, 0.62, 0.52, 0, 0, -99, 
1981, 10, MN100, 0, 12.83, 9.61, 20.04, 1.11, 0.35, 0, 0, -99, 
1981, 11, MN100, 0, 2.4, 6.02, 16.18, 0.31, 0.35, 0, 0, -99, 
1981, 12, MN100, 0, 3.11, -5.55, 4.04, 0.12, 0.47, 0, 0, -99, 
1982, 1, MN100, 0, 4.17, -18.86, -3.74, 0.53, 0.49, 0, 0, -99, 
1982, 2, MN100, 0, 1.85, -9.58, 3.98, 0.1, 0.69, 0, 0, -99, 
1982, 3, MN100, 0, 4.58, -2.3, 10.17, 0.52, 0.46, 0, 0, -99, 
1982, 4, MN100, 0, 4.9, 5.25, 19.33, 0.78, 0.29, 0, 0, -99, 
1982, 5, MN100, 0, 12.5, 15.68, 29.82, 0.45, 0.22, 0, 0, -99, 
1982, 6, MN100, 0, 7.91, 15.74, 30.4, 0.34, 0.47, 0, 0, -99, 
1982, 7, MN100, 0, 16.91, 22.14, 35.73, 2.21, 0.45, 0, 0, -99, 
1982, 8, MN100, 0, 7.93, 19.77, 33.33, 0.96, 0.6, 0, 0, -99, 
1982, 9, MN100, 0, 11.2, 16.51, 28.5, 1.88, 0.34, 0, 0, -99, 
1982, 10, MN100, 0, 12.4, 12.15, 22.12, 0.79, 0.31, 0, 0, -99, 
1982, 11, MN100, 0, 6.57, 0.4, 10.41, 1.23, 0.36, 0, 0, -99, 
1982, 12, MN100, 0, 3.01, -2.14, 7.03, 0.7, 0.46, 0, 0, -99, 
1983, 1, MN100, 0, 4.46, -7.02, 4.25, 0.59, 0.47, 0, 0, -99, 
1983, 2, MN100, 0, 1.98, -1.92, 7.72, 0.24, 0.53, 0, 0, -99, 
1983, 3, MN100, 0, 3.01, 2.83, 12.29, 0.51, 0.3, 0, 0, -99, 
1983, 4, MN100, 0, 4.45, 6.57, 19.41, 1.3, 0.49, 0, 0, -99, 
1983, 5, MN100, 0, 5.35, 10.82, 26.65, 0.46, 0.36, 0, 0, -99, 
1983, 6, MN100, 0, 10, 18.84, 33.03, 1.36, 0.44, 0, 0, -99, 
1983, 7, MN100, 0, 10.25, 23.83, 37.74, 1.2, 0.44, 0, 0, -99, 
1983, 8, MN100, 0, 15.71, 23.11, 37.78, 1.62, 0.48, 0, 0, -99, 
1983, 9, MN100, 0, 9.64, 17.39, 29.23, 1.23, 0.48, 0, 0, -99, 
1983, 10, MN100, 0, 8.47, 10.85, 21.26, 0.62, 0.53, 0, 0, -99, 
1983, 11, MN100, 0, 8.71, 4.66, 11.16, 1.81, 0.41, 0, 0, -99, 
1983, 12, MN100, 0, 3.72, -14.43, -2.7, 0.7, 0.45, 0, 0, -99, 
1984, 1, MN100, 0, 2.38, -11.23, 1.85, 0.28, 0.85, 0, 0, -99, 
1984, 2, MN100, 0, 2.23, -0.79, 10.39, 0.27, 0.44, 0, 0, -99, 
1984, 3, MN100, 0, 2.42, -3.79, 9.98, 0.25, 0.39, 0, 0, -99, 
1984, 4, MN100, 0, 4.07, 8.18, 23.36, 0.96, 0.34, 0, 0, -99, 
1984, 5, MN100, 0, 6.37, 12.49, 27.58, 0.74, 0.33, 0, 0, -99, 
1984, 6, MN100, 0, 18.94, 20.07, 33.47, 1.84, 0.41, 0, 0, -99, 
1984, 7, MN100, 0, 5.54, 20.79, 36.01, 0.99, 0.66, 0, 0, -99, 
1984, 8, MN100, 0, 6.84, 22.22, 36.99, 1.03, 0.65, 0, 0, -99, 
1984, 9, MN100, 0, 7.07, 14.05, 26.77, 0.79, 0.54, 0, 0, -99, 
1984, 10, MN100, 0, 12.15, 12.66, 22.83, 1.59, 0.31, 0, 0, -99, 
1984, 11, MN100, 0, 2.68, 1.73, 12.41, 0.32, 0.48, 0, 0, -99, 
1984, 12, MN100, 0, 5.19, -7.31, 3.78, 1.04, 0.78, 0, 0, -99, 
1985, 1, MN100, 0, 2.06, -11.62, 1.28, 0.3, 0.7, 0, 0, -99, 
1985, 2, MN100, 0, 2.46, -10.08, 4.26, 0.29, 0.67, 0, 0, -99, 
1985, 3, MN100, 0, 4.08, 3.23, 15.15, 0.6, 0.46, 0, 0, -99, 
1985, 4, MN100, 0, 8.35, 9.32, 23.22, 0.61, 0.36, 0, 0, -99, 
1985, 5, MN100, 0, 12.64, 14.97, 31.24, 1.87, 0.44, 0, 0, -99, 
1985, 6, MN100, 0, 12.26, 15.58, 30.89, 1.21, 0.64, 0, 0, -99, 
1985, 7, MN100, 0, 10.36, 19.67, 35.67, 0.76, 0.7, 0, 0, -99, 
1985, 8, MN100, 0, 10.07, 18.97, 31.88, 1.31, 0.53, 0, 0, -99, 
1985, 9, MN100, 0, 12.48, 15.49, 27.27, 2.1, 0.54, 0, 0, -99, 
1985, 10, MN100, 0, 5.65, 8.75, 22.18, 0.39, 0.51, 0, 0, -99, 
1985, 11, MN100, 0, 6.1, -3.05, 7.38, 0.63, 0.52, 0, 0, -99, 
1985, 12, MN100, 0, 2.5, -13.04, -1.43, 0.18, 0.52, 0, 0, -99, 
1986, 1, MN100, 0, 2.91, -7.56, 4.4, 0.63, 0.58, 0, 0, -99, 
1986, 2, MN100, 0, 2.82, -8.14, 4.47, 0.16, 0.46, 0, 0, -99, 
1986, 3, MN100, 0, 2.38, 1.39, 14.95, 0.44, 0.39, 0, 0, -99, 
1986, 4, MN100, 0, 12.32, 9.93, 23.18, 1.33, 0.42, 0, 0, -99, 
1986, 5, MN100, 0, 6.42, 14.44, 30.37, 1.1, 0.36, 0, 0, -99, 
1986, 6, MN100, 0, 13.65, 18.61, 33.64, 1.32, 0.51, 0, 0, -99, 
1986, 7, MN100, 0, 12.38, 23.01, 35.57, 0.74, 0.53, 0, 0, -99, 
1986, 8, MN100, 0, 10.36, 19.19, 32.56, 1.3, 0.59, 0, 0, -99, 
1986, 9, MN100, 0, 16.07, 16.3, 27.01, 2.39, 0.48, 0, 0, -99, 
1986, 10, MN100, 0, 2.94, 10.26, 22.09, 0.32, 0.45, 0, 0, -99, 
1986, 11, MN100, 0, 5.94, -0.47, 10.19, 1.28, 0.5, 0, 0, -99, 
1986, 12, MN100, 0, 2.21, -3.97, 7.42, 0.25, 0.45, 0, 0, -99, 
1987, 1, MN100, 0, 2.37, -6.4, 5.55, 0.21, 0.7, 0, 0, -99, 
1987, 2, MN100, 0, 1.79, -0.09, 11.59, 0.28, 0.36, 0, 0, -99, 
1987, 3, MN100, 0, 3.12, 3.46, 15.97, 0.44, 0.47, 0, 0, -99, 
1987, 4, MN100, 0, 2.01, 8.99, 28.35, 0.22, 0.55, 0, 0, -99, 
1987, 5, MN100, 0, 13.57, 15.21, 30.38, 1.61, 0.36, 0, 0, -99, 
1987, 6, MN100, 0, 5, 19.35, 36.44, 1.36, 0.37, 0, 0, -99, 
1987, 7, MN100, 0, 20.72, 23.64, 36.87, 1.01, 0.43, 0, 0, -99, 
1987, 8, MN100, 0, 7.88, 20.56, 34.07, 0.85, 0.6, 0, 0, -99, 
1987, 9, MN100, 0, 8.67, 17.12, 30.19, 0.81, 0.59, 0, 0, -99, 
1987, 10, MN100, 0, 2.99, 8.29, 19.53, 0.27, 0.46, 0, 0, -99, 
1987, 11, MN100, 0, 2.83, 4.59, 15.01, 0.46, 0.4, 0, 0, -99, 
1987, 12, MN100, 0, 2.28, -0.72, 7.24, 0.21, 0.4, 0, 0, -99, 
1988, 1, MN100, 0, 3.24, -12.62, 0.66, 0.24, 0.6, 0, 0, -99, 
1988, 2, MN100, 0, 1.34, -12.37, 3.11, 0.07, 0.79, 0, 0, -99, 
1988, 3, MN100, 0, 5.77, -0.04, 11.65, 0.57, 0.52, 0, 0, -99, 
1988, 4, MN100, 0, 2.02, 6.29, 23.13, 0.32, 0.49, 0, 0, -99, 
1988, 5, MN100, 0, 6.31, 15.96, 33.49, 1.04, 0.58, 0, 0, -99, 
1988, 6, MN100, 0, 8.19, 19.64, 37.66, 0.49, 0.5, 0, 0, -99, 
1988, 7, MN100, 0, 8.69, 22.51, 39.54, 1.6, 0.56, 0, 0, -99, 
1988, 8, MN100, 0, 23.29, 22.28, 34.84, 2.32, 0.49, 0, 0, -99, 
1988, 9, MN100, 0, 9.92, 16.82, 29.02, 1.73, 0.54, 0, 0, -99, 
1988, 10, MN100, 0, 3.5, 7.34, 19.77, 0.44, 0.47, 0, 0, -99, 
1988, 11, MN100, 0, 6.45, 3.8, 11.59, 0.71, 0.58, 0, 0, -99, 
1988, 12, MN100, 0, 3.42, -7.76, 5.02, 0.17, 0.56, 0, 0, -99, 
1989, 1, MN100, 0, 4.7, -8.15, 6.12, 0.33, 0.93, 0, 0, -99, 
1989, 2, MN100, 0, 1.94, -14.68, 1.86, 0.28, 0.84, 0, 0, -99, 
1989, 3, MN100, 0, 4.35, -3.55, 9.39, 1.08, 0.45, 0, 0, -99, 
1989, 4, MN100, 0, 4.36, 6.24, 19.7, 0.72, 0.48, 0, 0, -99, 
1989, 5, MN100, 0, 7.86, 13.3, 29.76, 0.87, 0.41, 0, 0, -99, 
1989, 6, MN100, 0, 13.45, 18.66, 32.95, 1.61, 0.36, 0, 0, -99, 
1989, 7, MN100, 0, 6.7, 23.05, 37.43, 0.55, 0.66, 0, 0, -99, 
1989, 8, MN100, 0, 11.02, 21.21, 34.74, 0.8, 0.48, 0, 0, -99, 
1989, 9, MN100, 0, 9.85, 15.95, 29.85, 0.76, 0.56, 0, 0, -99, 
1989, 10, MN100, 0, 5.34, 9.53, 24.27, 0.39, 0.51, 0, 0, -99, 
1989, 11, MN100, 0, 2.4, -0.32, 9.39, 0.24, 0.41, 0, 0, -99, 
1989, 12, MN100, 0, 2.13, -12.39, -0.52, 0.1, 0.54, 0, 0, -99, 
1990, 1, MN100, 0, 3, -4.56, 7.94, 0.28, 0.71, 0, 0, -99, 
1990, 2, MN100, 0, 2.32, -8.63, 7.71, 0.22, 0.8, 0, 0, -99, 
1990, 3, MN100, 0, 4.76, 1.42, 14.13, 0.61, 0.42, 0, 0, -99, 
1990, 4, MN100, 0, 9.91, 7.48, 21.49, 2.28, 0.51, 0, 0, -99, 
1990, 5, MN100, 0, 3.84, 12.11, 27.36, 0.39, 0.39, 0, 0, -99, 
1990, 6, MN100, 0, 14.33, 19.97, 33.8, 1.33, 0.4, 0, 0, -99, 
1990, 7, MN100, 0, 7.5, 20.95, 35.49, 1.12, 0.4, 0, 0, -99, 
1990, 8, MN100, 0, 5.79, 20.84, 35.79, 1.14, 0.41, 0, 0, -99, 
1990, 9, MN100, 0, 10.32, 16.68, 30.23, 3.79, 0.52, 0, 0, -99, 
1990, 10, MN100, 0, 10.51, 8.49, 21.53, 1.01, 0.42, 0, 0, -99, 
1990, 11, MN100, 0, 2.22, 3.35, 14.68, 0.3, 0.53, 0, 0, -99, 
1990, 12, MN100, 0, 2.82, -8.25, 4.02, 0.18, 0.7, 0, 0, -99, 
1991, 1, MN100, 0, 2.27, -11.93, 0.79, 0.29, 0.96, 0, 0, -99, 
1991, 2, MN100, 0, 2.73, -5.2, 9.25, 0.15, 0.7, 0, 0, -99, 
1991, 3, MN100, 0, 4.53, 0.77, 13.53, 0.66, 0.49, 0, 0, -99, 
1991, 4, MN100, 0, 6.63, 9.29, 23.78, 0.73, 0.37, 0, 0, -99, 
1991, 5, MN100, 0, 10.4, 16.71, 30.37, 1.55, 0.32, 0, 0, -99, 
1991, 6, MN100, 0, 10.02, 20.7, 34.71, 1.28, 0.38, 0, 0, -99, 
1991, 7, MN100, 0, 14.18, 21.94, 34.65, 2.02, 0.42, 0, 0, -99, 
1991, 8, MN100, 0, 5.51, 21.66, 36.87, 1.03, 0.46, 0, 0, -99, 
1991, 9, MN100, 0, 13.44, 15.89, 27.47, 1.68, 0.52, 0, 0, -99, 
1991, 10, MN100, 0, 5.88, 8.59, 19.81, 0.39, 0.45, 0, 0, -99, 
1991, 11, MN100, 0, 8.44, -0.81, 8.23, 1.6, 0.36, 0, 0, -99, 
1991, 12, MN100, 0, 3.05, -5.57, 5.67, 0.22, 0.52, 0, 0, -99, 
1992, 1, MN100, 0, 2.24, -5.13, 5.51, 0.13, 0.65, 0, 0, -99, 
1992, 2, MN100, 0, 2.82, -1.74, 8.18, 0.21, 0.55, 0, 0, -99, 
1992, 3, MN100, 0, 2.09, 1.12, 13.12, 0.25, 0.39, 0, 0, -99, 
1992, 4, MN100, 0, 4.86, 7.2, 18.13, 0.74, 0.41, 0, 0, -99, 
1992, 5, MN100, 0, 6.53, 14.68, 30.87, 1.53, 0.33, 0, 0, -99, 
1992, 6, MN100, 0, 10.4, 17.01, 31.64, 1.18, 0.38, 0, 0, -99, 
1992, 7, MN100, 0, 11.21, 18.63, 31.55, 0.64, 0.33, 0, 0, -99, 
1992, 8, MN100, 0, 13.89, 19.11, 32.13, 1.23, 0.43, 0, 0, -99, 
1992, 9, MN100, 0, 8.64, 15.08, 28.6, 0.91, 0.39, 0, 0, -99, 
1992, 10, MN100, 0, 2.57, 8.4, 21.53, 0.57, 0.35, 0, 0, -99, 
1992, 11, MN100, 0, 4.07, 3.34, 9.67, 0.35, 0.34, 0, 0, -99, 
1992, 12, MN100, 0, 3.69, -5.97, 4.32, 0.39, 0.59, 0, 0, -99, 
1993, 1, MN100, 0, 3.16, -10.18, 3.19, 0.33, 0.58, 0, 0, -99, 
1993, 2, MN100, 0, 1.1, -8.05, 5.77, 0.06, 0.57, 0, 0, -99, 
1993, 3, MN100, 0, 2.12, -0.55, 13.64, 0.17, 0.4, 0, 0, -99, 
1993, 4, MN100, 0, 6.76, 6.5, 19.89, 0.35, 0.32, 0, 0, -99, 
1993, 5, MN100, 0, 9.69, 13.26, 27.1, 0.99, 0.39, 0, 0, -99, 
1993, 6, MN100, 0, 11.86, 17.81, 30.85, 1.42, 0.27, 0, 0, -99, 
1993, 7, MN100, 0, 20.72, 21.77, 33.1, 2.99, 0.38, 0, 0, -99, 
1993, 8, MN100, 0, 10.79, 21.5, 34.34, 0.61, 0.43, 0, 0, -99, 
1993, 9, MN100, 0, 6.55, 13.37, 25.18, 0.6, 0.39, 0, 0, -99, 
1993, 10, MN100, 0, 3.28, 7.35, 20.52, 0.58, 0.39, 0, 0, -99, 
1993, 11, MN100, 0, 5.3, -0.37, 9.74, 0.82, 0.32, 0, 0, -99, 
1993, 12, MN100, 0, 3.44, -4.7, 4.66, 0.42, 0.41, 0, 0, -99, 
1994, 1, MN100, 0, 3.16, -17.13, -3.99, 0.38, 0.63, 0, 0, -99, 
1994, 2, MN100, 0, 2.03, -11.6, 2.09, 0.15, 0.57, 0, 0, -99, 
1994, 3, MN100, 0, 2.85, 1.74, 13.94, 0.24, 0.35, 0, 0, -99, 
1994, 4, MN100, 0, 9.25, 6.84, 21.07, 1.44, 0.41, 0, 0, -99, 
1994, 5, MN100, 0, 6.8, 14.23, 29.67, 0.82, 0.34, 0, 0, -99, 
1994, 6, MN100, 0, 20.36, 20.43, 34.01, 1.62, 0.3, 0, 0, -99, 
1994, 7, MN100, 0, 10.55, 21.38, 34.12, 1.82, 0.45, 0, 0, -99, 
1994, 8, MN100, 0, 8.33, 19.82, 33.27, 0.66, 0.4, 0, 0, -99, 
1994, 9, MN100, 0, 9.87, 18.29, 30.7, 1.86, 0.48, 0, 0, -99, 
1994, 10, MN100, 0, 7.1, 12.96, 23.33, 0.84, 0.33, 0, 0, -99, 
1994, 11, MN100, 0, 4.35, 4.86, 14.94, 0.24, 0.47, 0, 0, -99, 
1994, 12, MN100, 0, 1.86, -2.16, 8.5, 0.18, 0.41, 0, 0, -99, 
1995, 1, MN100, 0, 3.05, -7.28, 3.72, 0.17, 0.55, 0, 0, -99, 
1995, 2, MN100, 0, 2.73, -10.3, 4.49, 0.3, 0.56, 0, 0, -99, 
1995, 3, MN100, 0, 3.16, 1.02, 13.33, 0.18, 0.33, 0, 0, -99, 
1995, 4, MN100, 0, 4.34, 5.33, 17.24, 0.24, 0.29, 0, 0, -99, 
1995, 5, MN100, 0, 7.17, 13.65, 28.21, 1.01, 0.41, 0, 0, -99, 
1995, 6, MN100, 0, 4.39, 21.46, 36.8, 0.71, 0.33, 0, 0, -99, 
1995, 7, MN100, 0, 18.44, 21.9, 35.21, 1.6, 0.62, 0, 0, -99, 
1995, 8, MN100, 0, 13.69, 22.48, 35.56, 1.06, 0.34, 0, 0, -99, 
1995, 9, MN100, 0, 9.73, 15.22, 29, 1.82, 0.38, 0, 0, -99, 
1995, 10, MN100, 0, 11.43, 10.73, 20.7, 1.74, 0.38, 0, 0, -99, 
1995, 11, MN100, 0, 3.66, -2.63, 7.01, 0.23, 0.39, 0, 0, -99, 
1995, 12, MN100, 0, 3.93, -8.7, 2.63, 0.44, 0.51, 0, 0, -99, 
1996, 1, MN100, 0, 4.58, -17.62, -1.13, 0.28, 0.73, 0, 0, -99, 
1996, 2, MN100, 0, 3.89, -10.19, 3.99, 0.24, 0.56, 0, 0, -99, 
1996, 3, MN100, 0, 2.33, -5.54, 8.19, 0.21, 0.56, 0, 0, -99, 
1996, 4, MN100, 0, 4.12, 4.55, 17.27, 0.83, 0.29, 0, 0, -99, 
1996, 5, MN100, 0, 5.51, 11.94, 26.71, 0.25, 0.35, 0, 0, -99, 
1996, 6, MN100, 0, 12.56, 19.45, 33.72, 1.5, 0.2, 0, 0, -99, 
1996, 7, MN100, 0, 15.64, 20.87, 33.64, 1.54, 0.27, 0, 0, -99, 
1996, 8, MN100, 0, 7.44, 21.42, 35.83, 0.72, 0.41, 0, 0, -99, 
1996, 9, MN100, 0, 9.93, 17.52, 29.16, 1.13, 0.24, 0, 0, -99, 
1996, 10, MN100, 0, 10.58, 9.8, 21.99, 0.85, 0.38, 0, 0, -99, 
1996, 11, MN100, 0, 9.19, -1.3, 7.74, 0.6, 0.35, 0, 0, -99, 
1996, 12, MN100, 0, 4.02, -7.32, 1.61, 0.22, 0.52, 0, 0, -99, 
1997, 1, MN100, 0, 5.62, -11.52, 0.01, 0.26, 0.72, 0, 0, -99, 
1997, 2, MN100, 0, 1.62, -7.95, 6.64, 0.15, 0.59, 0, 0, -99, 
1997, 3, MN100, 0, 4.81, -1.72, 11.21, 0.26, 0.55, 0, 0, -99, 
1997, 4, MN100, 0, 3.42, 5.69, 19.84, 0.51, 0.31, 0, 0, -99, 
1997, 5, MN100, 0, 6.01, 10.95, 24.85, 0.38, 0.25, 0, 0, -99, 
1997, 6, MN100, 0, 14.99, 19.72, 35.1, 0.91, 0.29, 0, 0, -99, 
1997, 7, MN100, 0, 11.02, 21.42, 34.63, 1.85, 0.31, 0, 0, -99, 
1997, 8, MN100, 0, 5.75, 19.38, 32.7, 0.51, 0.34, 0, 0, -99, 
1997, 9, MN100, 0, 8, 17, 30.58, 1.1, 0.34, 0, 0, -99, 
1997, 10, MN100, 0, 7.45, 10.18, 21.93, 0.39, 0.39, 0, 0, -99, 
1997, 11, MN100, 0, 4.28, 0.78, 9.8, 0.47, 0.32, 0, 0, -99, 
1997, 12, MN100, 0, 1.58, 0.32, 8.73, 0.09, 0.35, 0, 0, -99, 
1998, 1, MN100, 0, 2.78, -4.7, 4.11, 0.25, 0.63, 0, 0, -99, 
1998, 2, MN100, 0, 4.85, 2.89, 12.22, 0.96, 0.38, 0, 0, -99, 
1998, 3, MN100, 0, 4.22, 0.89, 11.92, 0.26, 0.4, 0, 0, -99, 
1998, 4, MN100, 0, 4.56, 8.62, 23.9, 0.77, 0.37, 0, 0, -99, 
1998, 5, MN100, 0, 8.93, 15.4, 32.21, 1.57, 0.37, 0, 0, -99, 
1998, 6, MN100, 0, 15.46, 19.46, 30.53, 1.95, 0.4, 0, 0, -99, 
1998, 7, MN100, 0, 8.79, 21.53, 35.17, 1.17, 0.49, 0, 0, -99, 
1998, 8, MN100, 0, 6.34, 22.07, 35.64, 0.7, 0.42, 0, 0, -99, 
1998, 9, MN100, 0, 9.92, 17.34, 31.95, 1.83, 0.43, 0, 0, -99, 
1998, 10, MN100, 0, 11.56, 12.02, 22.76, 0.61, 0.39, 0, 0, -99, 
1998, 11, MN100, 0, 6.21, 4.38, 12.67, 0.74, 0.56, 0, 0, -99, 
1998, 12, MN100, 0, 3.9, -4.42, 6.41, 0.26, 0.63, 0, 0, -99, 
1999, 1, MN100, 0, 2.93, -10.45, 0.83, 0.13, 0.54, 0, 0, -99, 
1999, 2, MN100, 0, 2.67, -3.46, 9.53, 0.25, 0.45, 0, 0, -99, 
1999, 3, MN100, 0, 3.92, 1.05, 13.86, 0.47, 0.42, 0, 0, -99, 
1999, 4, MN100, 0, 6.38, 8.95, 22, 0.56, 0.33, 0, 0, -99, 
1999, 5, MN100, 0, 12.95, 15.59, 28.86, 2.04, 0.29, 0, 0, -99, 
1999, 6, MN100, 0, 10.74, 19.81, 32.45, 0.76, 0.4, 0, 0, -99, 
1999, 7, MN100, 0, 28.49, 23.09, 36.33, 3.11, 0.59, 0, 0, -99, 
1999, 8, MN100, 0, 13.79, 20.92, 33.09, 1.71, 0.55, 0, 0, -99, 
1999, 9, MN100, 0, 13.63, 16, 27.9, 1.03, 0.49, 0, 0, -99, 
1999, 10, MN100, 0, 5.22, 9.04, 20.64, 0.46, 0.42, 0, 0, -99, 
1999, 11, MN100, 0, 1.55, 5.91, 16.69, 0.34, 0.37, 0, 0, -99, 
1999, 12, MN100, 0, 1.6, -3.05, 7.54, 0.15, 0.42, 0, 0, -99, 
2000, 1, MN100, 0, 2.46, -10.93, 2.71, 0.31, 0.6, 0, 0, -99, 
2000, 2, MN100, 0, 3.33, -3.76, 9.28, 0.52, 0.42, 0, 0, -99, 
2000, 3, MN100, 0, 5.28, 3.56, 16.84, 0.77, 0.47, 0, 0, -99, 
2000, 4, MN100, 0, 4.99, 6.74, 20.15, 0.24, 0.38, 0, 0, -99, 
2000, 5, MN100, 0, 8.8, 14.88, 28.96, 0.67, 0.36, 0, 0, -99, 
2000, 6, MN100, 0, 12.34, 17.21, 30.2, 0.58, 0.42, 0, 0, -99, 
2000, 7, MN100, 0, 8.71, 21.85, 34.72, 0.72, 0.49, 0, 0, -99, 
2000, 8, MN100, 0, 13.64, 21.1, 34.19, 0.85, 0.44, 0, 0, -99, 
2000, 9, MN100, 0, 5.65, 13.96, 28.2, 0.53, 0.37, 0, 0, -99, 
2000, 10, MN100, 0, 8.32, 10.85, 23.61, 0.63, 0.44, 0, 0, -99, 
2000, 11, MN100, 0, 7.84, 4.4, 10.99, 1.2, 0.3, 0, 0, -99, 
2000, 12, MN100, 0, 2.65, -12.62, -2.08, 0.33, 0.54, 0, 0, -99, 
2001, 1, MN100, 0, 2.94, -5.82, 5.76, 0.33, 0.43, 0, 0, -99, 
2001, 2, MN100, 0, 5.5, -12.76, 1.58, 1.05, 0.52, 0, 0, -99, 
2001, 3, MN100, 0, 2.34, -2.55, 11.44, 0.47, 0.46, 0, 0, -99, 
2001, 4, MN100, 0, 15.59, 8.71, 19.92, 2.19, 0.31, 0, 0, -99, 
2001, 5, MN100, 0, 12.93, 14.85, 28.49, 0.75, 0.34, 0, 0, -99, 
2001, 6, MN100, 0, 9.18, 19.96, 33.16, 0.88, 0.4, 0, 0, -99, 
2001, 7, MN100, 0, 8.26, 21.93, 35.6, 1.24, 0.52, 0, 0, -99, 
2001, 8, MN100, 0, 10.38, 21.47, 36.42, 1.37, 0.52, 0, 0, -99, 
2001, 9, MN100, 0, 4.69, 15.86, 28.98, 0.55, 0.4, 0, 0, -99, 
2001, 10, MN100, 0, 8.62, 9.62, 21.38, 1.05, 0.47, 0, 0, -99, 
2001, 11, MN100, 0, 5.65, 8.2, 18.03, 0.43, 0.41, 0, 0, -99, 
2001, 12, MN100, 0, 2.67, -0.86, 7.88, 0.42, 0.39, 0, 0, -99, 
2002, 1, MN100, 0, 1.66, -5.57, 5.68, 0.08, 0.61, 0, 0, -99, 
2002, 2, MN100, 0, 1.95, -3.64, 9.25, 0.57, 0.43, 0, 0, -99, 
2002, 3, MN100, 0, 4.25, -5.91, 7.31, 0.79, 0.46, 0, 0, -99, 
2002, 4, MN100, 0, 4.66, 6.76, 18.48, 1.19, 0.34, 0, 0, -99, 
2002, 5, MN100, 0, 5.55, 10.75, 25.23, 0.79, 0.37, 0, 0, -99, 
2002, 6, MN100, 0, 14.71, 20.38, 34.1, 1.54, 0.55, 0, 0, -99, 
2002, 7, MN100, 0, 14.79, 23.62, 37.3, 1.83, 0.41, 0, 0, -99, 
2002, 8, MN100, 0, 12.4, 21.89, 33.77, 1.34, 0.37, 0, 0, -99, 
2002, 9, MN100, 0, 7.96, 17.94, 30.54, 1.86, 0.38, 0, 0, -99, 
2002, 10, MN100, 0, 6.7, 7.14, 15.83, 0.56, 0.47, 0, 0, -99, 
2002, 11, MN100, 0, 1.69, 0.65, 10.41, 0.27, 0.56, 0, 0, -99, 
2002, 12, MN100, 0, 2.49, -2.45, 7.15, 0.19, 0.53, 0, 0, -99, 
2003, 1, MN100, 0, 1.39, -9.66, 1.29, 0.12, 0.6, 0, 0, -99, 
2003, 2, MN100, 0, 1.42, -10.95, 2.66, 0.14, 0.66, 0, 0, -99, 
2003, 3, MN100, 0, 2.4, -2.14, 11.2, 0.33, 0.5, 0, 0, -99, 
2003, 4, MN100, 0, 5.02, 6.49, 20.74, 0.64, 0.5, 0, 0, -99, 
2003, 5, MN100, 0, 8.18, 12.89, 28.66, 0.8, 0.44, 0, 0, -99, 
2003, 6, MN100, 0, 10.72, 17.9, 32.85, 1.01, 0.72, 0, 0, -99, 
2003, 7, MN100, 0, 12.67, 21.26, 35.68, 1.27, 0.56, 0, 0, -99, 
2003, 8, MN100, 0, 6.79, 22.39, 36.8, 1.34, 0.64, 0, 0, -99, 
2003, 9, MN100, 0, 11.03, 16.67, 29.58, 2.3, 0.42, 0, 0, -99, 
2003, 10, MN100, 0, 4.97, 10.31, 22.55, 0.31, 0.47, 0, 0, -99, 
2003, 11, MN100, 0, 4.49, 1.49, 10.26, 0.29, 0.49, 0, 0, -99, 
2003, 12, MN100, 0, 2.31, -2.77, 7.53, 0.41, 0.37, 0, 0, -99, 
2004, 1, MN100, 0, 3.49, -13.39, -1.57, 0.22, 0.71, 0, 0, -99, 
2004, 2, MN100, 0, 3.01, -5.83, 7.1, 0.59, 0.5, 0, 0, -99, 
2004, 3, MN100, 0, 4.85, 1.41, 12.8, 0.19, 0.39, 0, 0, -99, 
2004, 4, MN100, 0, 4.04, 6.86, 20.93, 0.83, 0.42, 0, 0, -99, 
2004, 5, MN100, 0, 11.68, 11.59, 24.63, 0.55, 0.45, 0, 0, -99, 
2004, 6, MN100, 0, 4.98, 16.82, 30.91, 0.49, 0.47, 0, 0, -99, 
2004, 7, MN100, 0, 10.91, 20.5, 34.41, 2.96, 0.55, 0, 0, -99, 
2004, 8, MN100, 0, 7.11, 17.26, 30.98, 0.7, 0.48, 0, 0, -99, 
2004, 9, MN100, 0, 15.22, 18.83, 31.23, 3.49, 0.44, 0, 0, -99, 
2004, 10, MN100, 0, 8.14, 11.36, 22.1, 0.66, 0.54, 0, 0, -99, 
2004, 11, MN100, 0, 2.12, 4.44, 14.74, 0.2, 0.53, 0, 0, -99, 
2004, 12, MN100, 0, 5.01, -7.2, 4.2, 0.39, 0.72, 0, 0, -99, 
2005, 1, MN100, 0, 6.36, -12.99, 0.38, 0.52, 0.55, 0, 0, -99, 
2005, 2, MN100, 0, 2.33, -5.21, 7.82, 0.42, 0.49, 0, 0, -99, 
2005, 3, MN100, 0, 2.73, -3.57, 11.61, 0.33, 0.51, 0, 0, -99, 
2005, 4, MN100, 0, 3.68, 9.46, 23.86, 0.33, 0.51, 0, 0, -99, 
2005, 5, MN100, 0, 12.17, 13.88, 25.35, 1.01, 0.43, 0, 0, -99, 
2005, 6, MN100, 0, 13.75, 20.81, 33.77, 1.21, 0.55, 0, 0, -99, 
2005, 7, MN100, 0, 6, 22.6, 36.85, 0.54, 0.57, 0, 0, -99, 
2005, 8, MN100, 0, 5.87, 20.08, 34.54, 1.02, 0.76, 0, 0, -99, 
2005, 9, MN100, 0, 8.31, 17.05, 31.29, 0.98, 0.55, 0, 0, -99, 
2005, 10, MN100, 0, 9.48, 11.26, 22.96, 0.87, 0.29, 0, 0, -99, 
2005, 11, MN100, 0, 9.28, 3.69, 13.38, 0.49, 0.55, 0, 0, -99, 
2005, 12, MN100, 0, 3.77, -2.63, 4.55, 0.45, 0.41, 0, 0, -99, 
2006, 1, MN100, 0, 1.95, -1.02, 8.56, 0.18, 0.55, 0, 0, -99, 
2006, 2, MN100, 0, 3.3, -9.42, 4.22, 0.3, 0.5, 0, 0, -99, 
2006, 3, MN100, 0, 4.91, 1.68, 13.12, 0.59, 0.29, 0, 0, -99, 
2006, 4, MN100, 0, 4.67, 9.63, 25.4, 0.35, 0.36, 0, 0, -99, 
2006, 5, MN100, 0, 9.98, 16.28, 28.47, 0.9, 0.25, 0, 0, -99, 
2006, 6, MN100, 0, 6.97, 18.9, 34.18, 0.78, 0.36, 0, 0, -99, 
2006, 7, MN100, 0, 7.39, 23.24, 39.17, 1.03, 0.32, 0, 0, -99, 
2006, 8, MN100, 0, 6.29, 20.08, 35.49, 0.86, 0.43, 0, 0, -99, 
2006, 9, MN100, 0, 6.35, 14.16, 29.15, 1.03, 0.62, 0, 0, -99, 
2006, 10, MN100, 0, 5.52, 8.18, 19.67, 0.25, 0.37, 0, 0, -99, 
2006, 11, MN100, 0, 3.74, 4.42, 13.59, 0.21, 0.33, 0, 0, -99, 
2006, 12, MN100, 0, 4.34, -0.81, 8.74, 0.3, 0.49, 0, 0, -99, 
2007, 1, MN100, 0, 2.17, -7.18, 4.03, 0.32, 0.65, 0, 0, -99, 
2007, 2, MN100, 0, 2.74, -10.94, 1.14, 0.33, 0.49, 0, 0, -99, 
2007, 3, MN100, 0, 5.83, 1.76, 14.72, 0.45, 0.48, 0, 0, -99, 
2007, 4, MN100, 0, 7.95, 5.94, 20.82, 0.58, 0.35, 0, 0, -99, 
2007, 5, MN100, 0, 8.31, 15.63, 30.2, 0.49, 0.4, 0, 0, -99, 
2007, 6, MN100, 0, 9.46, 20.45, 35.12, 0.74, 0.56, 0, 0, -99, 
2007, 7, MN100, 0, 7.67, 21.93, 36.64, 0.72, 0.65, 0, 0, -99, 
2007, 8, MN100, 0, 5.91, 20.33, 34.71, 0.86, 0.47, 0, 0, -99, 
2007, 9, MN100, 0, 17.39, 16.11, 29.87, 1.71, 0.54, 0, 0, -99, 
2007, 10, MN100, 0, 13.6, 12.92, 23.35, 1.64, 0.32, 0, 0, -99, 
2007, 11, MN100, 0, 2.33, 3.71, 11.87, 0.23, 0.36, 0, 0, -99, 
2007, 12, MN100, 0, 5.51, -7.21, 3.02, 0.55, 0.22, 0, 0, -99, 
2008, 1, MN100, 0, 1.51, -10.19, 2.19, 0.11, 0.35, 0, 0, -99, 
2008, 2, MN100, 0, 1.83, -10.91, 3.32, 0.08, 0.42, 0, 0, -99, 
2008, 3, MN100, 0, 2.09, -2.86, 10.44, 0.14, 0.37, 0, 0, -99, 
2008, 4, MN100, 0, 12.57, 6.78, 18.94, 0.7, 0.33, 0, 0, -99, 
2008, 5, MN100, 0, 6.94, 11.4, 25.74, 0.4, 0.37, 0, 0, -99, 
2008, 6, MN100, 0, 13.18, 18.47, 31.84, 0.67, 0.4, 0, 0, -99, 
2008, 7, MN100, 0, 9.22, 20.99, 34.92, 0.97, 0.49, 0, 0, -99, 
2008, 8, MN100, 0, 4.81, 20.02, 35.18, 0.98, 0.49, 0, 0, -99, 
2008, 9, MN100, 0, 11.63, 16.91, 29.02, 0.91, 0.4, 0, 0, -99, 
2008, 10, MN100, 0, 8.74, 11.15, 21.61, 0.65, 0.33, 0, 0, -99, 
2008, 11, MN100, 0, 4.48, 3.58, 11.73, 0.52, 0.39, 0, 0, -99, 
2008, 12, MN100, 0, 5.44, -11.91, 0.37, 0.33, 0.55, 0, 0, -99, 
2009, 1, MN100, 0, 2.61, -15.79, -0.81, 0.34, 0.37, 0, 0, -99, 
2009, 2, MN100, 0, 3.33, -7.14, 5.63, 0.18, 0.41, 0, 0, -99, 
2009, 3, MN100, 0, 8.74, -1.27, 11.58, 0.63, 0.5, 0, 0, -99, 
2009, 4, MN100, 0, 5.15, 8.08, 20.58, 0.43, 0.33, 0, 0, -99, 
2009, 5, MN100, 0, 5.85, 12.39, 27.52, 0.87, 0.49, 0, 0, -99, 
2009, 6, MN100, 0, 7.7, 17.88, 31.81, 0.68, 0.5, 0, 0, -99, 
2009, 7, MN100, 0, 9.4, 19.78, 32.26, 0.94, 0.34, 0, 0, -99, 
2009, 8, MN100, 0, 11.19, 20.35, 32.59, 1.58, 0.31, 0, 0, -99, 
2009, 9, MN100, 0, 2.88, 19.23, 32.56, 0.4, 0.39, 0, 0, -99, 
2009, 10, MN100, 0, 10.6, 9.56, 16.8, 1.11, 0.29, 0, 0, -99, 
2009, 11, MN100, 0, 4.19, 7.01, 16.54, 0.24, 0.39, 0, 0, -99, 
2009, 12, MN100, 0, 4.19, -6.76, 1.63, 0.47, 0.56, 0, 0, -99, 
2010, 1, MN100, 0, 3.18, -8.96, 2.28, 0.2, 0.31, 0, 0, -99, 
2010, 2, MN100, 0, 1.62, -8.66, 7.3, 0.08, 0.64, 0, 0, -99, 
2010, 3, MN100, 0, 2.76, 5.23, 19.18, 0.1, 0.4, 0, 0, -99, 
2010, 4, MN100, 0, 3.06, 9.38, 26, 0.24, 0.32, 0, 0, -99, 
2010, 5, MN100, 0, 7.56, 14.68, 29.4, 0.87, 0.35, 0, 0, -99, 
2010, 6, MN100, 0, 12.29, 19.61, 31.52, 0.92, 0.37, 0, 0, -99, 
2010, 7, MN100, 0, 11.93, 23.22, 36.15, 2.07, 0.38, 0, 0, -99, 
2010, 8, MN100, 0, 15.64, 23.41, 35.66, 1.35, 0.29, 0, 0, -99, 
2010, 9, MN100, 0, 11.98, 14.97, 26.09, 1.2, 0.4, 0, 0, -99, 
2010, 10, MN100, 0, 8.73, 10.91, 24.18, 1.13, 0.56, 0, 0, -99, 
2010, 11, MN100, 0, 5.2, 3.5, 13.18, 0.29, 0.23, 0, 0, -99, 
2010, 12, MN100, 0, 5.3, -7.11, 2.47, 0.3, 0.33, 0, 0, -99, 
2011, 1, MN100, 0, 4.12, -11.43, -0.84, 0.42, 0.53, 0, 0, -99, 
2011, 2, MN100, 0, 1.7, -8.53, 4.91, 0.14, 0.58, 0, 0, -99, 
2011, 3, MN100, 0, 1.9, -2.44, 10.91, 0.19, 0.44, 0, 0, -99, 
2011, 4, MN100, 0, 7.26, 8.04, 19.22, 0.63, 0.37, 0, 0, -99, 
2011, 5, MN100, 0, 8.09, 13.87, 26.52, 0.65, 0.35, 0, 0, -99, 
2011, 6, MN100, 0, 12.16, 19.32, 30.64, 1.66, 0.34, 0, 0, -99, 
2011, 7, MN100, 0, 8.61, 23.6, 36.92, 0.98, 0.37, 0, 0, -99, 
2011, 8, MN100, 0, 12.45, 21.43, 35.55, 2.21, 0.43, 0, 0, -99, 
2011, 9, MN100, 0, 4.71, 15.2, 29.55, 0.45, 0.43, 0, 0, -99, 
2011, 10, MN100, 0, 4.44, 12.11, 24.25, 0.43, 0.45, 0, 0, -99, 
2011, 11, MN100, 0, 2.57, 4.38, 14.18, 0.29, 0.4, 0, 0, -99, 
2011, 12, MN100, 0, 1.72, -1.57, 7.45, 0.13, 0.37, 0, 0, -99, 
2012, 1, MN100, 0, 2.47, -4.54, 5.67, 0.33, 0.39, 0, 0, -99, 
2012, 2, MN100, 0, 3.09, -2.58, 8.93, 0.32, 0.62, 0, 0, -99, 
2012, 3, MN100, 0, 5.06, 6.46, 19.44, 0.76, 0.31, 0, 0, -99, 
2012, 4, MN100, 0, 9.6, 8.33, 21.32, 0.57, 0.36, 0, 0, -99, 
2012, 5, MN100, 0, 18.02, 15.86, 28.96, 2.65, 0.29, 0, 0, -99, 
2012, 6, MN100, 0, 19.62, 20.25, 34.23, 5.17, 0.32, 0, 0, -99, 
2012, 7, MN100, 0, 12.01, 24.22, 38.15, 0.85, 0.47, 0, 0, -99, 
2012, 8, MN100, 0, 5.2, 20.16, 35.17, 0.59, 0.38, 0, 0, -99, 
2012, 9, MN100, 0, 2.66, 13.58, 29.89, 0.27, 0.41, 0, 0, -99, 
2012, 10, MN100, 0, 5.53, 9.33, 20.25, 0.59, 0.33, 0, 0, -99, 
2012, 11, MN100, 0, 4.34, 3.01, 12.65, 0.34, 0.33, 0, 0, -99, 
2012, 12, MN100, 0, 3.3, -3.97, 5.23, 0.15, 0.68, 0, 0, -99, 
